Season,Date,DAP,Treatment,Depth,Block,PlotID,mean_temp,max_temp,min_temp
2024,2024-06-06,24,AC,20,1,2,17.084717933792,19.6999957978723,13.8999911487097
2024,2024-06-06,24,AC,20,2,4,16.6833293354757,18.8999965131281,13.8999911487097
2024,2024-06-06,24,AC,20,3,9,16.7114540712906,19.1999962449072,13.6999913275237
2024,2024-06-06,24,AC,20,4,10,16.1604123167691,18.499996870756,13.2999916851516
2024,2024-06-06,24,HE,20,1,3,16.5871489000608,18.599996781349,14.0999909698958
2024,2024-06-06,24,HE,20,2,6,16.9743010926575,19.6999957978723,13.5999914169306
2024,2024-06-06,24,HE,20,3,7,17.121176166232,19.8999956190583,13.7999912381167
2024,2024-06-06,24,HE,20,4,11,16.2510374064865,18.499996870756,13.4999915063376
2024,2024-06-06,24,HTI,20,1,1,16.9118009094974,19.8999956190583,13.2999916851516
2024,2024-06-06,24,HTI,20,2,5,16.4788146049816,19.5999958872793,12.6999922215934
2024,2024-06-06,24,HTI,20,3,8,16.6402733744844,19.1999962449072,13.4999915063376
2024,2024-06-06,24,HTI,20,4,12,16.9454819471676,19.3999960660932,13.8999911487097
2024,2024-06-07,25,AC,20,1,2,17.6756894227528,21.6999940097328,13.5999914169306
2024,2024-06-07,25,AC,20,2,4,17.2746479780514,21.0999945461747,13.4999915063376
2024,2024-06-07,25,AC,20,3,9,17.2194394891872,20.8999947249886,13.1999917745585
2024,2024-06-07,25,AC,20,4,10,16.7236060527875,20.3999951720235,12.7999921321864
2024,2024-06-07,25,HE,20,1,3,17.1864536466074,20.5999949932095,13.7999912381167
2024,2024-06-07,25,HE,20,2,6,17.6142308711795,21.5999940991398,13.1999917745585
2024,2024-06-07,25,HE,20,3,7,17.7586753913716,21.5999940991398,13.3999915957446
2024,2024-06-07,25,HE,20,4,11,17.120480732102,21.1999944567677,13.0999918639655
2024,2024-06-07,25,HTI,20,1,1,17.3392309121578,21.3999942779538,12.8999920427794
2024,2024-06-07,25,HTI,20,2,5,17.3996470808773,22.4999932944771,12.3999924898143
2024,2024-06-07,25,HTI,20,3,8,17.4034669658373,21.8999938309189,13.0999918639655
2024,2024-06-07,25,HTI,20,4,12,17.1222175929279,20.4999950826165,13.4999915063376
2024,2024-06-08,26,AC,20,1,2,17.5374968775857,20.3999951720235,14.6000003576279
2024,2024-06-08,26,AC,20,2,4,17.3156220759574,19.8999956190583,14.6000003576279
2024,2024-06-08,26,AC,20,3,9,17.2003435133851,19.8999956190583,14.1999908804888
2024,2024-06-08,26,AC,20,4,10,16.7302044643087,19.2999961555002,13.8999911487097
2024,2024-06-08,26,HE,20,1,3,20.2395786487805,22.9999928474422,17.4999977648257
2024,2024-06-08,26,HE,20,2,6,20.9135363795481,24.2999916851516,17.6999975860117
2024,2024-06-08,26,HE,20,3,7,20.8836752951349,24.2999916851516,17.5999976754187
2024,2024-06-08,26,HE,20,4,11,20.5854116729147,23.6999922215934,17.6999975860117
2024,2024-06-08,26,HTI,20,1,1,17.0114543152971,19.9999955296514,13.7999912381167
2024,2024-06-08,26,HTI,20,2,5,17.0201345557551,20.4999950826165,13.5999914169306
2024,2024-06-08,26,HTI,20,3,8,17.4489544705175,20.5999949932095,14.2999907910818
2024,2024-06-08,26,HTI,20,4,12,17.2295107686476,19.4999959766862,14.6000003576279
2024,2024-06-09,27,AC,20,1,2,17.2454814057587,20.7999948143956,13.6999913275237
2024,2024-06-09,27,AC,20,2,4,16.9715233856603,20.0999954402444,13.7999912381167
2024,2024-06-09,27,AC,20,3,9,17.0284674718559,20.4999950826165,13.3999915957446
2024,2024-06-09,27,AC,20,4,10,16.4795092195477,19.6999957978723,12.9999919533725
2024,2024-06-09,27,HE,20,1,3,20.7868003817479,23.6999922215934,17.6999975860117
2024,2024-06-09,27,HE,20,2,6,21.8145775821056,25.4999906122679,18.0999972283839
2024,2024-06-09,27,HE,20,3,7,21.7996469033051,25.4999906122679,17.9999973177908
2024,2024-06-09,27,HE,20,4,11,21.1961750157381,24.3999915957446,18.0999972283839
2024,2024-06-09,27,HTI,20,1,1,16.8604115884748,20.6999949038026,12.7999921321864
2024,2024-06-09,27,HTI,20,2,5,16.6843698060137,20.8999947249886,12.3999924898143
2024,2024-06-09,27,HTI,20,3,8,17.0659673700313,20.6999949038026,13.3999915957446
2024,2024-06-09,27,HTI,20,4,12,17.0770789151388,20.0999954402444,13.7999912381167
2024,2024-06-10,28,AC,20,1,2,16.1027755966202,17.8999974071978,13.7999912381167
2024,2024-06-10,28,AC,20,2,4,15.9576370423865,17.6999975860117,13.9999910593028
2024,2024-06-10,28,AC,20,3,9,15.7381919745768,17.4999977648257,13.6999913275237
2024,2024-06-10,28,AC,20,4,10,15.2808987019995,16.7999983906745,13.3999915957446
2024,2024-06-10,28,HE,20,1,3,19.8361067872906,21.6999940097328,17.1999980330466
2024,2024-06-10,28,HE,20,2,6,20.5590228076193,22.5999932050701,17.4999977648257
2024,2024-06-10,28,HE,20,3,7,20.2236064408386,22.4999932944771,17.5999976754187
2024,2024-06-10,28,HE,20,4,11,20.0843704542142,21.9999937415119,17.4999977648257
2024,2024-06-10,28,HTI,20,1,1,15.6076355112922,17.2999979436396,13.1999917745585
2024,2024-06-10,28,HTI,20,2,5,15.3593712296956,17.1999980330466,12.6999922215934
2024,2024-06-10,28,HTI,20,3,8,15.8104142688213,17.5999976754187,13.4999915063376
2024,2024-06-10,28,HTI,20,4,12,16.07117881243,17.8999974071978,14.1999908804888
2024,2024-06-11,29,AC,20,1,2,14.7541615934419,17.4999977648257,12.2999925792213
2024,2024-06-11,29,AC,20,2,4,14.6822864869607,17.1999980330466,12.3999924898143
2024,2024-06-11,29,AC,20,3,9,14.6121477290778,17.2999979436396,11.9999928474422
2024,2024-06-11,29,AC,20,4,10,14.3531200121465,16.9999982118606,11.7999930262561
2024,2024-06-11,29,HE,20,1,3,18.3635386594259,21.1999944567677,15.9999991059303
2024,2024-06-11,29,HE,20,2,6,18.9274270441588,21.7999939203259,16.2999988377094
2024,2024-06-11,29,HE,20,3,7,18.7902743890052,21.4999941885468,16.2999988377094
2024,2024-06-11,29,HE,20,4,11,18.6600661720872,21.1999944567677,16.3999987483024
2024,2024-06-11,29,HTI,20,1,1,14.4041616673268,17.3999978542327,11.5999932050701
2024,2024-06-11,29,HTI,20,2,5,14.2499947970109,17.3999978542327,11.199993562698
2024,2024-06-11,29,HTI,20,3,8,14.675342253616,17.4999977648257,11.9999928474422
2024,2024-06-11,29,HTI,20,4,12,14.8437449149784,17.2999979436396,12.4999924004073
2024,2024-06-12,30,AC,20,1,2,15.1795090841955,17.0999981224536,13.0999918639655
2024,2024-06-12,30,AC,20,2,4,15.1503422045663,17.2999979436396,13.2999916851516
2024,2024-06-12,30,AC,20,3,9,14.9843698916954,17.0999981224536,12.9999919533725
2024,2024-06-12,30,AC,20,4,10,14.5298556237582,16.0999990165233,12.7999921321864
2024,2024-06-12,30,HE,20,1,3,20.2857591630474,22.9999928474422,17.4999977648257
2024,2024-06-12,30,HE,20,2,6,21.8322858313095,25.3999907016749,17.7999974966048
2024,2024-06-12,30,HE,20,3,7,19.9711761109735,22.199993562698,17.6999975860117
2024,2024-06-12,30,HE,20,4,11,20.2378425392216,22.6999931156631,17.6999975860117
2024,2024-06-12,30,HTI,20,1,1,14.6649251181836,16.9999982118606,12.5999923110004
2024,2024-06-12,30,HTI,20,2,5,14.7041616722938,17.1999980330466,12.1999926686283
2024,2024-06-12,30,HTI,20,3,8,15.1923561241889,17.5999976754187,12.9999919533725
2024,2024-06-12,30,HTI,20,4,12,15.05555062265,16.8999983012675,13.2999916851516
2024,2024-06-13,31,AC,20,1,2,16.664925105766,20.1999953508374,12.8999920427794
2024,2024-06-13,31,AC,20,2,4,16.8586751715794,20.7999948143956,12.4999924004073
2024,2024-06-13,31,AC,20,3,9,16.507633579729,20.1999953508374,12.5999923110004
2024,2024-06-13,31,AC,20,4,10,15.7802033330621,18.599996781349,12.8999920427794
2024,2024-06-13,31,HE,20,1,3,22.9767312673021,26.7999894499773,18.599996781349
2024,2024-06-13,31,HE,20,2,6,24.9680513900598,28.6999975860117,19.5999958872793
2024,2024-06-13,31,HE,20,3,7,22.2836751361892,25.799990344047,18.599996781349
2024,2024-06-13,31,HE,20,4,11,22.758675599367,26.1999998211861,18.9999964237211
2024,2024-06-13,31,HTI,20,1,1,16.6670086421276,20.6999949038026,12.1999926686283
2024,2024-06-13,31,HTI,20,2,5,16.7829807265141,20.6999949038026,12.3999924898143
2024,2024-06-13,31,HTI,20,3,8,17.0024250430569,20.8999947249886,12.6999922215934
2024,2024-06-13,31,HTI,20,4,12,16.5281196383756,20.4999950826165,12.4999924004073
2024,2024-06-14,32,AC,20,1,2,16.6055541200769,17.9999973177908,15.4999995529651
2024,2024-06-14,32,AC,20,2,4,16.4569421856766,18.1999971389769,15.099999910593
2024,2024-06-14,32,AC,20,3,9,16.264234024638,17.7999974966048,15.099999910593
2024,2024-06-14,32,AC,20,4,10,15.9204841270835,16.9999982118606,15.099999910593
2024,2024-06-14,32,HE,20,1,3,22.6013820927172,23.8999920427795,21.3999942779538
2024,2024-06-14,32,HE,20,2,6,24.2638815624842,25.7000002682209,22.7999930262562
2024,2024-06-14,32,HE,20,3,7,22.2218685431402,23.3999924898143,21.1999944567677
2024,2024-06-14,32,HE,20,4,11,22.4440905666802,23.5999923110004,21.4999941885468
2024,2024-06-14,32,HTI,20,1,1,16.3597200503778,18.1999971389769,14.89999025464
2024,2024-06-14,32,HTI,20,2,5,16.2781230035547,17.7999974966048,15
2024,2024-06-14,32,HTI,20,3,8,16.4368031099023,17.8999974071978,15.1999899864191
2024,2024-06-14,32,HTI,20,4,12,16.4163170512557,18.0999972283839,15.099999910593
2024,2024-06-15,33,AC,20,1,2,15.9156226105366,17.1999980330466,14.89999025464
2024,2024-06-15,33,AC,20,2,4,15.7753447191374,17.2999979436396,14.6000003576279
2024,2024-06-15,33,AC,20,3,9,15.6760386718436,17.0999981224536,14.6000003576279
2024,2024-06-15,33,AC,20,4,10,15.4690943099764,16.4999986588954,14.6000003576279
2024,2024-06-15,33,HE,20,1,3,20.4152729361418,21.7999939203259,19.1999962449072
2024,2024-06-15,33,HE,20,2,6,22.0242992753366,23.6999922215934,20.5999949932095
2024,2024-06-15,33,HE,20,3,7,20.5951338864446,21.7999939203259,19.4999959766862
2024,2024-06-15,33,HE,20,4,11,20.9222169273426,22.099993652105,19.8999956190583
2024,2024-06-15,33,HTI,20,1,1,15.5989551000916,17.1999980330466,14.2999907910818
2024,2024-06-15,33,HTI,20,2,5,15.672913572192,17.0999981224536,14.4999906122679
2024,2024-06-15,33,HTI,20,3,8,15.8541640248148,17.3999978542327,14.6999904334539
2024,2024-06-15,33,HTI,20,4,12,15.6534692817263,16.9999982118606,14.6000003576279
2024,2024-06-16,34,AC,20,1,2,16.2989541669063,18.799996602535,14.1999908804888
2024,2024-06-16,34,AC,20,2,4,16.3298565414214,19.1999962449072,13.7999912381167
2024,2024-06-16,34,AC,20,3,9,16.1190926702276,18.799996602535,13.8999911487097
2024,2024-06-16,34,AC,20,4,10,15.7791624185937,17.8999974071978,13.9999910593028
2024,2024-06-16,34,HE,20,1,3,21.0920084422037,23.8999920427795,18.599996781349
2024,2024-06-16,34,HE,20,2,6,22.8989518857868,25.89999025464,20.1999953508374
2024,2024-06-16,34,HE,20,3,7,21.1909666870614,23.8999920427795,18.9999964237211
2024,2024-06-16,34,HE,20,4,11,21.3920081739828,23.7999921321864,19.3999960660932
2024,2024-06-16,34,HTI,20,1,1,16.2152731739396,19.1999962449072,13.5999914169306
2024,2024-06-16,34,HTI,20,2,5,16.08193985737,18.599996781349,13.7999912381167
2024,2024-06-16,34,HTI,20,3,8,16.2822871736559,18.9999964237211,13.8999911487097
2024,2024-06-16,34,HTI,20,4,12,16.1715232813521,19.0999963343141,13.8999911487097
2024,2024-06-17,35,AC,20,1,2,18.3326348165255,22.099993652105,15.1999899864191
2024,2024-06-17,35,AC,20,2,4,18.4170098776823,22.4999932944771,14.8000001788139
2024,2024-06-17,35,AC,20,3,9,18.2128433594064,22.199993562698,14.8000001788139
2024,2024-06-17,35,AC,20,4,10,17.3777749006117,20.0999954402444,15
2024,2024-06-17,35,HE,20,1,3,23.9506901299371,28.3999978542327,19.9999955296514
2024,2024-06-17,35,HE,20,2,6,25.8086757750765,30.4999959766862,21.5999940991398
2024,2024-06-17,35,HE,20,3,7,23.5479118244099,27.3999987483024,20.2999952614305
2024,2024-06-17,35,HE,20,4,11,23.7204812170107,27.2999988377094,20.5999949932095
2024,2024-06-17,35,HTI,20,1,1,18.3284677779506,22.299993473291,14.6999904334539
2024,2024-06-17,35,HTI,20,2,5,18.2847179536602,22.299993473291,14.6999904334539
2024,2024-06-17,35,HTI,20,3,8,18.5871483412672,22.8999929368492,14.8000001788139
2024,2024-06-17,35,HTI,20,4,12,18.1538155661066,22.199993562698,14.8000001788139
2024,2024-06-18,36,AC,20,1,2,17.345484014083,18.8999965131281,16.2999988377094
2024,2024-06-18,36,AC,20,2,4,17.1156231084838,18.3999969601629,15.8999991953372
2024,2024-06-18,36,AC,20,3,9,17.1177064399544,18.599996781349,16.0999990165233
2024,2024-06-18,36,AC,20,4,10,16.8729149921486,18.1999971389769,16.0999990165233
2024,2024-06-18,36,HE,20,1,3,22.5736043397747,24.5999914169306,21.0999945461747
2024,2024-06-18,36,HE,20,2,6,24.1027700831902,26.1999998211861,22.399993383884
2024,2024-06-18,36,HE,20,3,7,22.6180487444827,24.5999914169306,21.2999943673607
2024,2024-06-18,36,HE,20,4,11,22.8211735628748,24.5999914169306,21.7999939203259
2024,2024-06-18,36,HTI,20,1,1,17.0111093130376,18.2999970495699,15.7999992847442
2024,2024-06-18,36,HTI,20,2,5,17.0079843158315,18.3999969601629,15.7999992847442
2024,2024-06-18,36,HTI,20,3,8,17.237497999519,18.699996691942,16.0999990165233
2024,2024-06-18,36,HTI,20,4,12,17.057984271128,18.3999969601629,15.8999991953372
2024,2024-06-19,37,AC,20,1,2,18.4249969378112,21.9999937415119,15.4999995529651
2024,2024-06-19,37,AC,20,2,4,18.3454819931129,21.9999937415119,15.1999899864191
2024,2024-06-19,37,AC,20,3,9,18.3315930483446,22.199993562698,15.1999899864191
2024,2024-06-19,37,AC,20,4,10,17.5413159771303,20.2999952614305,15.2999997317791
2024,2024-06-19,37,HE,20,1,3,23.5558978942323,27.7999983906745,20.1999953508374
2024,2024-06-19,37,HE,20,2,6,25.0541616729148,29.2999970495699,21.4999941885468
2024,2024-06-19,37,HE,20,3,7,22.8708274231599,26.4999995529651,20.2999952614305
2024,2024-06-19,37,HE,20,4,11,23.5242998806963,26.7999894499773,20.8999947249886
2024,2024-06-19,37,HTI,20,1,1,18.0399268814878,21.3999942779538,15.099999910593
2024,2024-06-19,37,HTI,20,2,5,18.2677039775374,21.9999937415119,15.1999899864191
2024,2024-06-19,37,HTI,20,3,8,18.6114544556163,22.4999932944771,15.2999997317791
2024,2024-06-19,37,HTI,20,4,12,18.0336765797392,21.8999938309189,15.1999899864191
2024,2024-06-20,38,AC,20,1,2,17.9222187216909,20.2999952614305,14.8000001788139
2024,2024-06-20,38,AC,20,2,4,17.9111069716925,20.8999947249886,14.2999907910818
2024,2024-06-20,38,AC,20,3,9,17.893399234716,20.5999949932095,14.4999906122679
2024,2024-06-20,38,AC,20,4,10,17.383677878003,19.1999962449072,15
2024,2024-06-20,38,HE,20,1,3,23.6989527072133,26.6999993741512,20.1999953508374
2024,2024-06-20,38,HE,20,2,6,25.3805509188106,28.7999974966048,21.4999941885468
2024,2024-06-20,38,HE,20,3,7,23.1715207791987,25.4999906122679,20.3999951720235
2024,2024-06-20,38,HE,20,4,11,23.6847158234149,26,20.7999948143956
2024,2024-06-20,38,HTI,20,1,1,17.6079818329254,20.3999951720235,13.9999910593028
2024,2024-06-20,38,HTI,20,2,5,17.7850651103794,20.6999949038026,14.0999909698958
2024,2024-06-20,38,HTI,20,3,8,18.0857597982094,21.0999945461747,14.3999907016749
2024,2024-06-20,38,HTI,20,4,12,17.6170098075227,20.3999951720235,14.1999908804888
2024,2024-06-21,39,AC,20,1,2,17.7072892461592,18.8999965131281,16.6999984800815
2024,2024-06-21,39,AC,20,2,4,17.5579838240932,18.9999964237211,16.3999987483024
2024,2024-06-21,39,AC,20,3,9,17.5093727564438,18.799996602535,16.3999987483024
2024,2024-06-21,39,AC,20,4,10,17.2309007831952,18.0999972283839,16.4999986588954
2024,2024-06-21,39,HE,20,1,3,21.693396793409,24.1999917745585,17.3999978542327
2024,2024-06-21,39,HE,20,2,6,22.5902712305797,25.89999025464,17.3999978542327
2024,2024-06-21,39,HE,20,3,7,21.5992996553162,23.4999924004073,17.9999973177908
2024,2024-06-21,39,HE,20,4,11,21.7288134284107,23.6999922215934,17.7999974966048
2024,2024-06-21,39,HTI,20,1,1,17.3711784355548,18.799996602535,16.1999989271163
2024,2024-06-21,39,HTI,20,2,5,17.4076367362919,18.799996602535,16.2999988377094
2024,2024-06-21,39,HTI,20,3,8,17.6274282064495,19.0999963343141,16.3999987483024
2024,2024-06-21,39,HTI,20,4,12,17.4621505764415,18.799996602535,16.2999988377094
2024,2024-06-22,40,AC,20,1,2,17.4670111368305,20.0999954402444,15
2024,2024-06-22,40,AC,20,2,4,17.3999967614808,20.2999952614305,14.4999906122679
2024,2024-06-22,40,AC,20,3,9,17.3524274278637,20.1999953508374,14.6000003576279
2024,2024-06-22,40,AC,20,4,10,16.9079836881201,18.799996602535,15
2024,2024-06-22,40,HE,20,1,3,18.067357583261,21.1999944567677,15.1999899864191
2024,2024-06-22,40,HE,20,2,6,18.2822880490991,21.5999940991398,15.099999910593
2024,2024-06-22,40,HE,20,3,7,18.0263861830862,20.0999954402444,15.8999991953372
2024,2024-06-22,40,HE,20,4,11,17.8937474127858,20.1999953508374,15.6999993741512
2024,2024-06-22,40,HTI,20,1,1,17.0513853473794,19.5999958872793,14.3999907016749
2024,2024-06-22,40,HTI,20,2,5,17.2993020655792,20.1999953508374,14.4999906122679
2024,2024-06-22,40,HTI,20,3,8,17.5572884582602,20.6999949038026,14.6000003576279
2024,2024-06-22,40,HTI,20,4,12,17.2427053378893,19.9999955296514,14.6000003576279
2024,2024-06-23,41,AC,20,1,2,19.3357596026317,22.9999928474422,15
2024,2024-06-23,41,AC,20,2,4,19.3107589420135,23.3999924898143,14.4999906122679
2024,2024-06-23,41,AC,20,3,9,19.2260372394693,23.0999927580352,14.6000003576279
2024,2024-06-23,41,AC,20,4,10,18.4281210471563,21.1999944567677,15.1999899864191
2024,2024-06-23,41,HE,20,1,3,19.9270782452073,24.1999917745585,14.8000001788139
2024,2024-06-23,41,HE,20,2,6,20.3381889204595,25.2000007152558,14.6999904334539
2024,2024-06-23,41,HE,20,3,7,19.1909684752008,22.399993383884,15.5999994635582
2024,2024-06-23,41,HE,20,4,11,19.3736067910159,22.7999930262562,15.1999899864191
2024,2024-06-23,41,HTI,20,1,1,18.8829813418079,22.299993473291,14.3999907016749
2024,2024-06-23,41,HTI,20,2,5,19.4954809307842,23.8999920427795,14.3999907016749
2024,2024-06-23,41,HTI,20,3,8,19.7058975800662,23.9999919533725,14.4999906122679
2024,2024-06-23,41,HTI,20,4,12,18.9847173619599,22.8999929368492,14.3999907016749
2024,2024-06-24,42,AC,20,1,2,21.3361065047894,26.3999898076051,16.3999987483024
2024,2024-06-24,42,AC,20,2,4,21.2708294000474,26.6999993741512,15.7999992847442
2024,2024-06-24,42,AC,20,3,9,21.334370565973,26.7999894499773,15.9999991059303
2024,2024-06-24,42,AC,20,4,10,20.089578782891,24.0999918639655,16.4999986588954
2024,2024-06-24,42,HE,20,1,3,22.100343503451,27.8999983012675,16.2999988377094
2024,2024-06-24,42,HE,20,2,6,22.5229130481678,28.2999979436396,16.1999989271163
2024,2024-06-24,42,HE,20,3,7,21.0131901268328,26.099999910593,16.7999983906745
2024,2024-06-24,42,HE,20,4,11,21.1611067295486,25.7000002682209,16.4999986588954
2024,2024-06-24,42,HTI,20,1,1,20.8743013279717,26.1999998211861,15.6999993741512
2024,2024-06-24,42,HTI,20,2,5,21.518398520702,26.6999993741512,15.7999992847442
2024,2024-06-24,42,HTI,20,3,8,21.9781212539099,27.7999983906745,15.8999991953372
2024,2024-06-24,42,HTI,20,4,12,21.282635286533,27.3999987483024,15.8999991953372
2024,2024-06-25,43,AC,20,1,2,23.6763846488874,28.4999977648257,18.8999965131281
2024,2024-06-25,43,AC,20,2,4,23.6058987715383,28.7999974966048,18.2999970495699
2024,2024-06-25,43,AC,20,3,9,23.6461763425624,28.8999974071978,18.499996870756
2024,2024-06-25,43,AC,20,4,10,22.1454807128547,26,18.599996781349
2024,2024-06-25,43,HE,20,1,3,24.2631901920253,29.499996870756,18.8999965131281
2024,2024-06-25,43,HE,20,2,6,24.8510374691956,29.8999965131281,19.0999963343141
2024,2024-06-25,43,HE,20,3,7,23.2805510206352,28.3999978542327,19.0999963343141
2024,2024-06-25,43,HE,20,4,11,23.2538149675765,27.3999987483024,18.799996602535
2024,2024-06-25,43,HTI,20,1,1,23.4003429899817,28.5999976754187,18.3999969601629
2024,2024-06-25,43,HTI,20,2,5,23.9368015266539,28.7999974966048,18.3999969601629
2024,2024-06-25,43,HTI,20,3,8,24.3163153494188,29.599996781349,18.599996781349
2024,2024-06-25,43,HTI,20,4,12,23.6475652302095,29.499996870756,18.499996870756
2024,2024-06-26,44,AC,20,1,2,24.3861062707169,27.6999984800815,20.6999949038026
2024,2024-06-26,44,AC,20,2,4,24.3277732968742,28.2999979436396,19.9999955296514
2024,2024-06-26,44,AC,20,3,9,24.4704815709133,28.5999976754187,20.1999953508374
2024,2024-06-26,44,AC,20,4,10,23.2878415538823,26.5999994635582,20.0999954402444
2024,2024-06-26,44,HE,20,1,3,24.5618007288208,28.2999979436396,20.6999949038026
2024,2024-06-26,44,HE,20,2,6,25.4215230361038,29.0999972283839,20.8999947249886
2024,2024-06-26,44,HE,20,3,7,24.1961754410421,28.0999981224536,20.7999948143956
2024,2024-06-26,44,HE,20,4,11,24.1569395699018,27.3999987483024,20.3999951720235
2024,2024-06-26,44,HTI,20,1,1,24.0371480103372,27.6999984800815,20.2999952614305
2024,2024-06-26,44,HTI,20,2,5,24.7243010616134,28.5999976754187,20.1999953508374
2024,2024-06-26,44,HTI,20,3,8,24.9090233577206,28.5999976754187,20.2999952614305
2024,2024-06-26,44,HTI,20,4,12,24.6038147850373,29.1999971389769,20.1999953508374
2024,2024-06-27,45,AC,20,1,2,24.9670089389091,28.7999974966048,21.2999943673607
2024,2024-06-27,45,AC,20,2,4,24.5506894910498,28.4999977648257,20.6999949038026
2024,2024-06-27,45,AC,20,3,9,25.0208284035322,29.3999969601629,20.9999946355817
2024,2024-06-27,45,AC,20,4,10,23.6031184009583,26.3999898076051,21.0999945461747
2024,2024-06-27,45,HE,20,1,3,24.7881895177477,28.8999974071978,20.9999946355817
2024,2024-06-27,45,HE,20,2,6,25.6736062123541,29.799996602535,21.4999941885468
2024,2024-06-27,45,HE,20,3,7,24.3763832376232,27.7999983906745,21.5999940991398
2024,2024-06-27,45,HE,20,4,11,24.7312450559186,28.2999979436396,21.1999944567677
2024,2024-06-27,45,HTI,20,1,1,27.9958274852481,34.6999922215934,20.7999948143956
2024,2024-06-27,45,HTI,20,2,5,26.781244964649,31.8999947249886,20.8999947249886
2024,2024-06-27,45,HTI,20,3,8,27.7215220383468,33.8999929368492,20.9999946355817
2024,2024-06-27,45,HTI,20,4,12,27.1819388118052,33.7999930262562,20.9999946355817
2024,2024-06-28,46,AC,20,1,2,23.200340641807,25.6000003576279,20.5999949932095
2024,2024-06-28,46,AC,20,2,4,22.4961741949324,25.2999907910818,19.5999958872793
2024,2024-06-28,46,AC,20,3,9,23.0427023377887,26.099999910593,20.0999954402444
2024,2024-06-28,46,AC,20,4,10,21.8749938532706,23.7999921321864,19.8999956190583
2024,2024-06-28,46,HE,20,1,3,22.84617429179,25.6000003576279,20.0999954402444
2024,2024-06-28,46,HE,20,2,6,23.5968690212192,26.4999995529651,20.4999950826165
2024,2024-06-28,46,HE,20,3,7,22.7236046154462,25.2000007152558,20.5999949932095
2024,2024-06-28,46,HE,20,4,11,22.7892291469909,24.8999911487097,20.3999951720235
2024,2024-06-28,46,HTI,20,1,1,31.2954813765773,33.8999929368492,28.6999975860117
2024,2024-06-28,46,HTI,20,2,5,27.7565932954556,30.4999959766862,24.5999914169306
2024,2024-06-28,46,HTI,20,3,8,29.8232604706244,32.4999941885468,26.9999991059303
2024,2024-06-28,46,HTI,20,4,12,28.7558996991356,31.8999947249886,26
2024,2024-06-29,47,AC,20,1,2,22.7892313324947,27.2999988377094,18.499996870756
2024,2024-06-29,47,AC,20,2,4,22.1722174488833,26.9999991059303,17.4999977648257
2024,2024-06-29,47,AC,20,3,9,22.6440928124096,27.9999982118605,17.8999974071978
2024,2024-06-29,47,AC,20,4,10,21.3288137860386,24.7999912381167,18.0999972283839
2024,2024-06-29,47,HE,20,1,3,22.488537088595,27.4999986588954,17.9999973177908
2024,2024-06-29,47,HE,20,2,6,23.311106753763,28.2999979436396,18.1999971389769
2024,2024-06-29,47,HE,20,3,7,22.1614530232421,26.1999998211861,18.699996691942
2024,2024-06-29,47,HE,20,4,11,22.3034667168637,26.3999898076051,18.1999971389769
2024,2024-06-29,47,HTI,20,1,1,32.4218699755144,36.4000005364418,28.6999975860117
2024,2024-06-29,47,HTI,20,2,5,28.5347169167877,32.9999937415119,23.6999922215934
2024,2024-06-29,47,HTI,20,3,8,30.6399255875702,35.1999917745585,26.1999998211861
2024,2024-06-29,47,HTI,20,4,12,29.207286716066,34.3999924898143,24.9999910593027
2024,2024-06-30,48,AC,20,1,2,21.9211743675376,23.1999926686283,20.3999951720235
2024,2024-06-30,48,AC,20,2,4,21.2878416004484,22.7999930262562,19.5999958872793
2024,2024-06-30,48,AC,20,3,9,21.7909661506195,23.4999924004073,20.0999954402444
2024,2024-06-30,48,AC,20,4,10,20.9097169385185,21.9999937415119,19.7999957084653
2024,2024-06-30,48,HE,20,1,3,21.6989523439975,23.1999926686283,19.9999955296514
2024,2024-06-30,48,HE,20,2,6,22.1847157985796,23.9999919533725,20.1999953508374
2024,2024-06-30,48,HE,20,3,7,21.5048552953118,22.6999931156631,20.1999953508374
2024,2024-06-30,48,HE,20,4,11,21.4659664411922,22.6999931156631,20.0999954402444
2024,2024-06-30,48,HTI,20,1,1,31.9989529698463,33.099993652105,30.5999958872793
2024,2024-06-30,48,HTI,20,2,5,27.4142329002211,29.0999972283839,25.6000003576279
2024,2024-06-30,48,HTI,20,3,8,29.6930522537065,31.2999952614305,27.9999982118605
2024,2024-06-30,48,HTI,20,4,12,28.2482617763388,29.799996602535,26.3999898076051
2024,2024-07-01,49,AC,20,1,2,19.0895796769607,20.3999951720235,17.6999975860117
2024,2024-07-01,49,AC,20,2,4,18.647566183263,19.8999956190583,17.0999981224536
2024,2024-07-01,49,AC,20,3,9,19.0770796881366,20.6999949038026,17.2999979436396
2024,2024-07-01,49,AC,20,4,10,18.6236078713501,19.7999957084653,17.4999977648257
2024,2024-07-01,49,HE,20,1,3,18.8774270888623,20.1999953508374,17.2999979436396
2024,2024-07-01,49,HE,20,2,6,19.2868017228525,20.7999948143956,17.3999978542327
2024,2024-07-01,49,HE,20,3,7,19.0065936400449,20.1999953508374,17.8999974071978
2024,2024-07-01,49,HE,20,4,11,18.9520797998952,19.9999955296514,17.4999977648257
2024,2024-07-01,49,HTI,20,1,1,28.2972200658999,30.5999958872793,26.7999894499773
2024,2024-07-01,49,HTI,20,2,5,24.2729092638935,25.7000002682209,22.8999929368492
2024,2024-07-01,49,HTI,20,3,8,26.6093720647815,28.0999981224536,25.2000007152558
2024,2024-07-01,49,HTI,20,4,12,25.1367988146424,26.3999898076051,23.7999921321864
2024,2024-07-02,50,AC,20,1,2,18.1638860601516,19.1999962449072,17.0999981224536
2024,2024-07-02,50,AC,20,2,4,17.8666641036668,18.9999964237211,16.5999985694884
2024,2024-07-02,50,AC,20,3,9,18.2947887208932,19.6999957978723,16.8999983012675
2024,2024-07-02,50,AC,20,4,10,17.7923586145456,18.499996870756,16.8999983012675
2024,2024-07-02,50,HE,20,1,3,18.2767331814806,19.8999956190583,17.0999981224536
2024,2024-07-02,50,HE,20,2,6,18.4312469322232,19.9999955296514,16.8999983012675
2024,2024-07-02,50,HE,20,3,7,18.2857609511869,19.1999962449072,17.2999979436396
2024,2024-07-02,50,HE,20,4,11,17.9295112696992,18.8999965131281,16.7999983906745
2024,2024-07-02,50,HTI,20,1,1,25.9163140896498,26.7999894499773,24.5999914169306
2024,2024-07-02,50,HTI,20,2,5,22.843048543317,23.5999923110004,21.4999941885468
2024,2024-07-02,50,HTI,20,3,8,24.9541600548969,25.7000002682209,23.5999923110004
2024,2024-07-02,50,HTI,20,4,12,24.0378391417566,24.8999911487097,22.7999930262562
2024,2024-07-03,51,AC,20,1,2,16.5104149064669,17.7999974966048,15.2999997317791
2024,2024-07-03,51,AC,20,2,4,16.3913173467954,17.8999974071978,14.89999025464
2024,2024-07-03,51,AC,20,3,9,16.5621506298373,18.2999970495699,14.89999025464
2024,2024-07-03,51,AC,20,4,10,16.4170121439008,17.5999976754187,15.3999898076051
2024,2024-07-03,51,HE,20,1,3,16.499998010074,18.0999972283839,15.099999910593
2024,2024-07-03,51,HE,20,2,6,16.6288176125328,18.3999969601629,15
2024,2024-07-03,51,HE,20,3,7,16.8249983683228,18.0999972283839,15.6999993741512
2024,2024-07-03,51,HE,20,4,11,16.3361090969707,17.4999977648257,15.1999899864191
2024,2024-07-03,51,HTI,20,1,1,24.4642279226121,25.4999906122679,23.4999924004073
2024,2024-07-03,51,HTI,20,2,5,21.1572861616186,21.9999937415119,20.2999952614305
2024,2024-07-03,51,HTI,20,3,8,23.4649229873174,24.6999913275237,22.399993383884
2024,2024-07-03,51,HTI,20,4,12,22.6767292475738,23.7999921321864,21.6999940097328
2024,2024-07-04,52,AC,20,1,2,17.6131921080664,19.4999959766862,16.0999990165233
2024,2024-07-04,52,AC,20,2,4,17.3607617782014,19.1999962449072,15.9999991059303
2024,2024-07-04,52,AC,20,3,9,17.7642336396913,20.1999953508374,15.8999991953372
2024,2024-07-04,52,AC,20,4,10,17.0826370268645,18.599996781349,15.9999991059303
2024,2024-07-04,52,HE,20,1,3,17.3920117502617,19.3999960660932,15.8999991953372
2024,2024-07-04,52,HE,20,2,6,17.8951363004329,19.8999956190583,16.0999990165233
2024,2024-07-04,52,HE,20,3,7,17.3802062052611,18.8999965131281,16.3999987483024
2024,2024-07-04,52,HE,20,4,11,17.3253451431997,19.1999962449072,15.8999991953372
2024,2024-07-04,52,HTI,20,1,1,24.8458264769361,26.1999998211861,23.7999921321864
2024,2024-07-04,52,HTI,20,2,5,21.9770770953344,23.5999923110004,20.3999951720235
2024,2024-07-04,52,HTI,20,3,8,24.4361047234797,26.7999894499773,22.399993383884
2024,2024-07-04,52,HTI,20,4,12,23.1048538648002,24.9999910593027,21.7999939203259
2024,2024-07-05,53,AC,20,1,2,16.5743041480166,17.1999980330466,15.6999993741512
2024,2024-07-05,53,AC,20,2,4,16.5284708556615,17.2999979436396,15.4999995529651
2024,2024-07-05,53,AC,20,3,9,16.8041650536159,17.6999975860117,15.6999993741512
2024,2024-07-05,53,AC,20,4,10,16.470484796394,16.9999982118606,15.7999992847442
2024,2024-07-05,53,HE,20,1,3,16.4326368567429,17.2999979436396,15.3999898076051
2024,2024-07-05,53,HE,20,2,6,16.7756928568498,17.6999975860117,15.5999994635582
2024,2024-07-05,53,HE,20,3,7,16.7736095253792,17.3999978542327,15.9999991059303
2024,2024-07-05,53,HE,20,4,11,16.3489571272706,16.9999982118606,15.4999995529651
2024,2024-07-05,53,HTI,20,1,1,24.7812428257113,25.799990344047,23.7999921321864
2024,2024-07-05,53,HTI,20,2,5,21.2468694148582,21.9999937415119,20.2999952614305
2024,2024-07-05,53,HTI,20,3,8,24.2593677800765,25.2000007152558,23.0999927580352
2024,2024-07-05,53,HTI,20,4,12,23.1888815674513,24.0999918639655,21.9999937415119
2024,2024-07-06,54,AC,20,1,2,17.512150531738,18.699996691942,16.4999986588954
2024,2024-07-06,54,AC,20,2,4,17.2666646401086,18.1999971389769,16.0999990165233
2024,2024-07-06,54,AC,20,3,9,17.8236085866059,19.7999957084653,16.2999988377094
2024,2024-07-06,54,AC,20,4,10,17.3371506882003,18.599996781349,16.2999988377094
2024,2024-07-06,54,HE,20,1,3,17.577428251153,19.1999962449072,16.2999988377094
2024,2024-07-06,54,HE,20,2,6,17.7934002802809,19.0999963343141,16.4999986588954
2024,2024-07-06,54,HE,20,3,7,17.5951365686538,18.699996691942,16.6999984800815
2024,2024-07-06,54,HE,20,4,11,17.2395813309897,18.2999970495699,16.1999989271163
2024,2024-07-06,54,HTI,20,1,1,26.3100675622414,27.1999989271163,25.6000003576279
2024,2024-07-06,54,HTI,20,2,5,22.4725627634463,23.3999924898143,21.5999940991398
2024,2024-07-06,54,HTI,20,3,8,25.5222160245806,27.1999989271163,24.0999918639655
2024,2024-07-06,54,HTI,20,4,12,24.5461736597324,25.799990344047,23.3999924898143
2024,2024-07-07,55,AC,20,1,2,16.7194421558743,18.3999969601629,14.8000001788139
2024,2024-07-07,55,AC,20,2,4,16.477080783372,17.9999973177908,14.6000003576279
2024,2024-07-07,55,AC,20,3,9,16.7840252607232,18.699996691942,14.6000003576279
2024,2024-07-07,55,AC,20,4,10,16.4968730470165,17.4999977648257,15
2024,2024-07-07,55,HE,20,1,3,16.4399277656234,17.9999973177908,14.4999906122679
2024,2024-07-07,55,HE,20,2,6,16.9965250707333,19.1999962449072,14.6000003576279
2024,2024-07-07,55,HE,20,3,7,16.6736084537372,17.8999974071978,15.1999899864191
2024,2024-07-07,55,HE,20,4,11,16.6270807858555,18.2999970495699,14.6999904334539
2024,2024-07-07,55,HTI,20,1,1,25.5111044453246,26.5999994635582,24.0999918639655
2024,2024-07-07,55,HTI,20,2,5,22.1541602703428,24.0999918639655,20.0999954402444
2024,2024-07-07,55,HTI,20,3,8,24.6805495981951,27.0999990165233,22.299993473291
2024,2024-07-07,55,HTI,20,4,12,23.379853618931,24.9999910593027,21.5999940991398
2024,2024-07-08,56,AC,20,1,2,18.0447889444106,20.1999953508374,15.4999995529651
2024,2024-07-08,56,AC,20,2,4,17.7718721802655,19.8999956190583,15.2999997317791
2024,2024-07-08,56,AC,20,3,9,18.1277744008019,20.7999948143956,15.099999910593
2024,2024-07-08,56,AC,20,4,10,17.4545116943823,19.1999962449072,15.4999995529651
2024,2024-07-08,56,HE,20,1,3,17.7815939840134,20.0999954402444,15.099999910593
2024,2024-07-08,56,HE,20,2,6,18.4510377957794,20.9999946355817,15.099999910593
2024,2024-07-08,56,HE,20,3,7,17.7152753501301,19.4999959766862,15.6999993741512
2024,2024-07-08,56,HE,20,4,11,17.7652747590507,19.7999957084653,15.1999899864191
2024,2024-07-08,56,HTI,20,1,1,26.55971789716,28.3999978542327,24.4999915063376
2024,2024-07-08,56,HTI,20,2,5,23.4253409187202,25.2999907910818,20.8999947249886
2024,2024-07-08,56,HTI,20,3,8,25.9819400895798,28.5999976754187,22.7999930262562
2024,2024-07-08,56,HTI,20,4,12,24.537841802235,26.5999994635582,22.199993562698
2024,2024-07-09,57,AC,20,1,2,19.9458289114135,22.8999929368492,17.4999977648257
2024,2024-07-09,57,AC,20,2,4,19.6874958090482,22.5999932050701,17.1999980330466
2024,2024-07-09,57,AC,20,3,9,20.4180507114361,24.3999915957446,17.2999979436396
2024,2024-07-09,57,AC,20,4,10,19.3683988721211,21.9999937415119,17.1999980330466
2024,2024-07-09,57,HE,20,1,3,19.9874955408273,23.5999923110004,17.1999980330466
2024,2024-07-09,57,HE,20,2,6,20.5715227964435,24.1999917745585,17.2999979436396
2024,2024-07-09,57,HE,20,3,7,19.563884808454,22.199993562698,17.4999977648257
2024,2024-07-09,57,HE,20,4,11,19.5965236681615,22.299993473291,17.1999980330466
2024,2024-07-09,57,HTI,20,1,1,28.5308996954103,31.1999953508374,26.7999894499773
2024,2024-07-09,57,HTI,20,2,5,25.0194385255787,27.1999989271163,22.9999928474422
2024,2024-07-09,57,HTI,20,3,8,27.5975664452751,30.4999959766862,25.6000003576279
2024,2024-07-09,57,HTI,20,4,12,26.5083284736919,29.499996870756,24.3999915957446
2024,2024-07-10,58,AC,20,1,2,20.6454810636529,22.399993383884,18.9999964237211
2024,2024-07-10,58,AC,20,2,4,20.4104118293769,21.9999937415119,18.8999965131281
2024,2024-07-10,58,AC,20,3,9,20.9513835679323,23.2999925792213,18.8999965131281
2024,2024-07-10,58,AC,20,4,10,20.2121481177498,21.6999940097328,18.8999965131281
2024,2024-07-10,58,HE,20,1,3,20.6416616226233,22.7999930262562,18.799996602535
2024,2024-07-10,58,HE,20,2,6,21.0864528916152,23.0999927580352,18.9999964237211
2024,2024-07-10,58,HE,20,3,7,20.3357591183439,21.8999938309189,18.9999964237211
2024,2024-07-10,58,HE,20,4,11,20.2965230423126,21.8999938309189,18.699996691942
2024,2024-07-10,58,HTI,20,1,1,28.3767339861433,29.499996870756,27.2999988377094
2024,2024-07-10,58,HTI,20,2,5,25.1208267432944,26.2999898970121,23.7999921321864
2024,2024-07-10,58,HTI,20,3,8,26.8416632164268,28.6999975860117,25.0999909698958
2024,2024-07-10,58,HTI,20,4,12,26.1972179822207,27.6999984800815,24.7999912381167
2024,2024-07-11,59,AC,20,1,2,19.6534680616936,21.3999942779538,17.7999974966048
2024,2024-07-11,59,AC,20,2,4,19.2663156300574,20.9999946355817,17.5999976754187
2024,2024-07-11,59,AC,20,3,9,19.9440928018546,22.7999930262562,17.5999976754187
2024,2024-07-11,59,AC,20,4,10,19.2517323097626,20.6999949038026,17.8999974071978
2024,2024-07-11,59,HE,20,1,3,19.3524266641792,21.6999940097328,17.3999978542327
2024,2024-07-11,59,HE,20,2,6,19.8690928689098,22.199993562698,17.4999977648257
2024,2024-07-11,59,HE,20,3,7,19.3968710688872,21.0999945461747,17.9999973177908
2024,2024-07-11,59,HE,20,4,11,19.3395794534432,20.7999948143956,17.5999976754187
2024,2024-07-11,59,HTI,20,1,1,27.5156217667583,28.9999973177908,26.2999898970121
2024,2024-07-11,59,HTI,20,2,5,24.3899237994308,25.7000002682209,22.7999930262562
2024,2024-07-11,59,HTI,20,3,8,26.4558982382008,28.8999974071978,24.0999918639655
2024,2024-07-11,59,HTI,20,4,12,25.2086742626085,26.8999991953372,23.5999923110004
2024,2024-07-12,60,AC,20,1,2,17.4222200565867,19.2999961555002,16.5999985694884
2024,2024-07-12,60,AC,20,2,4,16.9947898831838,18.599996781349,16.2999988377094
2024,2024-07-12,60,AC,20,3,9,17.4461783684996,19.4999959766862,16.4999986588954
2024,2024-07-12,60,AC,20,4,10,17.2968729464335,19.1999962449072,16.4999986588954
2024,2024-07-12,60,HE,20,1,3,16.9454843717109,18.699996691942,16.1999989271163
2024,2024-07-12,60,HE,20,2,6,17.1111092236306,18.9999964237211,16.2999988377094
2024,2024-07-12,60,HE,20,3,7,17.3791645395258,19.0999963343141,16.5999985694884
2024,2024-07-12,60,HE,20,4,11,17.0979147909828,18.8999965131281,16.3999987483024
2024,2024-07-12,60,HTI,20,1,1,25.304854732172,27.3999987483024,23.9999919533725
2024,2024-07-12,60,HTI,20,2,5,22.2055491132865,23.9999919533725,21.3999942779538
2024,2024-07-12,60,HTI,20,3,8,23.5558958111741,26.099999910593,21.8999938309189
2024,2024-07-12,60,HTI,20,4,12,22.7131875483109,24.9999910593027,21.1999944567677
2024,2024-07-13,61,AC,20,1,2,16.7440956628777,17.5999976754187,15.9999991059303
2024,2024-07-13,61,AC,20,2,4,16.6024291228709,17.4999977648257,15.8999991953372
2024,2024-07-13,61,AC,20,3,9,16.9534704756818,18.3999969601629,15.8999991953372
2024,2024-07-13,61,AC,20,4,10,16.5274291899261,17.2999979436396,15.8999991953372
2024,2024-07-13,61,HE,20,1,3,16.467359799188,17.5999976754187,15.5999994635582
2024,2024-07-13,61,HE,20,2,6,16.7881928456739,18.0999972283839,15.7999992847442
2024,2024-07-13,61,HE,20,3,7,16.8350678037644,17.5999976754187,16.1999989271163
2024,2024-07-13,61,HE,20,4,11,16.4822903413946,17.2999979436396,15.7999992847442
2024,2024-07-13,61,HTI,20,1,1,24.6933951356547,25.2999907910818,24.0999918639655
2024,2024-07-13,61,HTI,20,2,5,21.3333276708917,21.8999938309189,20.7999948143956
2024,2024-07-13,61,HTI,20,3,8,22.8826318412601,23.8999920427795,21.9999937415119
2024,2024-07-13,61,HTI,20,4,12,22.0604103541619,22.7999930262562,21.3999942779538
2024,2024-07-14,62,AC,20,1,2,17.2118027926318,19.2999961555002,15.099999910593
2024,2024-07-14,62,AC,20,2,4,17.0479141527164,18.9999964237211,15
2024,2024-07-14,62,AC,20,3,9,17.3194410047595,20.0999954402444,14.6000003576279
2024,2024-07-14,62,AC,20,4,10,16.7760386445247,18.3999969601629,15.1999899864191
2024,2024-07-14,62,HE,20,1,3,16.8732607798235,19.0999963343141,14.6000003576279
2024,2024-07-14,62,HE,20,2,6,17.3795103272007,19.7999957084653,14.6000003576279
2024,2024-07-14,62,HE,20,3,7,17.1465258586323,18.799996602535,15.4999995529651
2024,2024-07-14,62,HE,20,4,11,16.9482610884017,18.799996602535,14.8000001788139
2024,2024-07-14,62,HTI,20,1,1,25.4742997422397,26.8999991953372,23.8999920427795
2024,2024-07-14,62,HTI,20,2,5,22.1135353066644,23.4999924004073,20.3999951720235
2024,2024-07-14,62,HTI,20,3,8,24.1159663257082,26.4999995529651,21.3999942779538
2024,2024-07-14,62,HTI,20,4,12,22.8166596780216,24.4999915063376,20.9999946355817
2024,2024-07-15,63,AC,20,1,2,18.6083301072318,21.1999944567677,15.8999991953372
2024,2024-07-15,63,AC,20,2,4,18.3590247745727,20.7999948143956,15.6999993741512
2024,2024-07-15,63,AC,20,3,9,19.0579824829886,22.5999932050701,15.5999994635582
2024,2024-07-15,63,AC,20,4,10,18.056941711323,20.1999953508374,15.8999991953372
2024,2024-07-15,63,HE,20,1,3,18.3899269441968,21.2999943673607,15.2999997317791
2024,2024-07-15,63,HE,20,2,6,18.9871489397972,21.8999938309189,15.3999898076051
2024,2024-07-15,63,HE,20,3,7,18.3548581116313,20.5999949932095,16.0999990165233
2024,2024-07-15,63,HE,20,4,11,18.2920109455989,20.4999950826165,15.5999994635582
2024,2024-07-15,63,HTI,20,1,1,22.6281189653398,25.799990344047,20.3999951720235
2024,2024-07-15,63,HTI,20,2,5,21.4808969833988,22.299993473291,20.3999951720235
2024,2024-07-15,63,HTI,20,3,8,23.1562427077438,24.3999915957446,21.3999942779538
2024,2024-07-15,63,HTI,20,4,12,22.0722158991625,23.0999927580352,20.8999947249886
2024,2024-07-16,64,AC,20,1,2,19.2878433885879,20.1999953508374,18.3999969601629
2024,2024-07-16,64,AC,20,2,4,18.9357603700416,19.7999957084653,18.0999972283839
2024,2024-07-16,64,AC,20,3,9,19.8722178661158,21.4999941885468,18.499996870756
2024,2024-07-16,64,AC,20,4,10,18.841316010037,19.4999959766862,18.1999971389769
2024,2024-07-16,64,HE,20,1,3,18.9857603253381,19.8999956190583,18.0999972283839
2024,2024-07-16,64,HE,20,2,6,19.5513848196299,20.7999948143956,18.2999970495699
2024,2024-07-16,64,HE,20,3,7,19.0065936400449,19.6999957978723,18.2999970495699
2024,2024-07-16,64,HE,20,4,11,18.9718714488668,19.7999957084653,18.0999972283839
2024,2024-07-16,64,HTI,20,1,1,19.4333293696242,20.3999951720235,18.499996870756
2024,2024-07-16,64,HTI,20,2,5,19.4493015775661,20.2999952614305,18.499996870756
2024,2024-07-16,64,HTI,20,3,8,20.6694393755658,22.099993652105,19.2999961555002
2024,2024-07-16,64,HTI,20,4,12,19.9270789281773,20.8999947249886,18.8999965131281
2024,2024-07-17,65,AC,20,1,2,19.117704651815,20.9999946355817,17.4999977648257
2024,2024-07-17,65,AC,20,2,4,18.8704826506267,20.7999948143956,17.2999979436396
2024,2024-07-17,65,AC,20,3,9,19.7430513149332,22.8999929368492,17.4999977648257
2024,2024-07-17,65,AC,20,4,10,18.7083300178248,20.4999950826165,17.2999979436396
2024,2024-07-17,65,HE,20,1,3,18.9586770162191,21.2999943673607,17.0999981224536
2024,2024-07-17,65,HE,20,2,6,19.4440932488894,21.8999938309189,17.3999978542327
2024,2024-07-17,65,HE,20,3,7,18.949302024601,20.6999949038026,17.5999976754187
2024,2024-07-17,65,HE,20,4,11,18.7531216444446,20.3999951720235,17.1999980330466
2024,2024-07-17,65,HTI,20,1,1,18.943052030189,20.7999948143956,17.4999977648257
2024,2024-07-17,65,HTI,20,2,5,18.9298575975413,20.4999950826165,17.4999977648257
2024,2024-07-17,65,HTI,20,3,8,20.1225648645102,22.7999930262562,17.8999974071978
2024,2024-07-17,65,HTI,20,4,12,19.2951350487352,21.1999944567677,17.6999975860117
2024,2024-07-18,66,AC,20,1,2,19.7586763009633,22.399993383884,16.9999982118606
2024,2024-07-18,66,AC,20,2,4,19.4058988385935,21.8999938309189,16.6999984800815
2024,2024-07-18,66,AC,20,3,9,20.5774255689438,24.4999915063376,16.9999982118606
2024,2024-07-18,66,AC,20,4,10,19.3979127346225,21.7999939203259,17.1999980330466
2024,2024-07-18,66,HE,20,1,3,19.568745915219,22.5999932050701,16.4999986588954
2024,2024-07-18,66,HE,20,2,6,20.1902731373076,23.2999925792213,16.5999985694884
2024,2024-07-18,66,HE,20,3,7,19.4180516055058,21.6999940097328,17.0999981224536
2024,2024-07-18,66,HE,20,4,11,19.3822877485924,21.6999940097328,16.6999984800815
2024,2024-07-18,66,HTI,20,1,1,19.4302043724182,21.9999937415119,16.6999984800815
2024,2024-07-18,66,HTI,20,2,5,19.5010376424216,21.6999940097328,16.8999983012675
2024,2024-07-18,66,HTI,20,3,8,21.0829806724974,24.5999914169306,17.3999978542327
2024,2024-07-18,66,HTI,20,4,12,20.19270369069,23.1999926686283,17.1999980330466
2024,2024-07-19,67,AC,20,1,2,20.5510367036484,22.399993383884,18.8999965131281
2024,2024-07-19,67,AC,20,2,4,20.3677035342278,22.299993473291,18.499996870756
2024,2024-07-19,67,AC,20,3,9,21.5923552170806,24.2999916851516,19.1999962449072
2024,2024-07-19,67,AC,20,4,10,20.5267311698237,22.399993383884,18.9999964237211
2024,2024-07-19,67,HE,20,1,3,20.6836754739488,23.0999927580352,18.499996870756
2024,2024-07-19,67,HE,20,2,6,21.2277722097102,23.8999920427795,18.799996602535
2024,2024-07-19,67,HE,20,3,7,20.3947868433468,22.199993562698,18.799996602535
2024,2024-07-19,67,HE,20,4,11,20.3239535733434,22.199993562698,18.599996781349
2024,2024-07-19,67,HTI,20,1,1,20.3819396326109,22.199993562698,18.599996781349
2024,2024-07-19,67,HTI,20,2,5,20.4854117623217,22.399993383884,18.699996691942
2024,2024-07-19,67,HTI,20,3,8,21.6308968492883,23.8999920427795,19.4999959766862
2024,2024-07-19,67,HTI,20,4,12,21.4079803819247,23.6999922215934,19.1999962449072
2024,2024-07-20,68,AC,20,1,2,21.7260356531165,24.1999917745585,19.2999961555002
2024,2024-07-20,68,AC,20,2,4,21.369438749717,23.7999921321864,18.8999965131281
2024,2024-07-20,68,AC,20,3,9,22.5381889682674,26.1999998211861,19.3999960660932
2024,2024-07-20,68,AC,20,4,10,21.3802026289822,23.4999924004073,19.3999960660932
2024,2024-07-20,68,HE,20,1,3,21.6361051779651,24.4999915063376,18.8999965131281
2024,2024-07-20,68,HE,20,2,6,22.3322854184231,25.2999907910818,19.1999962449072
2024,2024-07-20,68,HE,20,3,7,21.2774249430949,23.3999924898143,19.1999962449072
2024,2024-07-20,68,HE,20,4,11,21.439230353985,23.5999923110004,18.9999964237211
2024,2024-07-20,68,HTI,20,1,1,21.402772053248,23.6999922215934,18.9999964237211
2024,2024-07-20,68,HTI,20,2,5,21.6038135401694,23.6999922215934,19.1999962449072
2024,2024-07-20,68,HTI,20,3,8,22.9871469684976,26.2999898970121,19.5999958872793
2024,2024-07-20,68,HTI,20,4,12,22.185757464315,24.6999913275237,19.6999957978723
2024,2024-07-21,69,AC,20,1,2,21.1784666982373,22.199993562698,20.2999952614305
2024,2024-07-21,69,AC,20,2,4,20.8253420139556,21.5999940991398,19.7999957084653
2024,2024-07-21,69,AC,20,3,9,21.7552022937061,22.7999930262562,20.2999952614305
2024,2024-07-21,69,AC,20,4,10,21.0618001358788,22.099993652105,20.2999952614305
2024,2024-07-21,69,HE,20,1,3,21.0107585148469,21.7999939203259,19.7999957084653
2024,2024-07-21,69,HE,20,2,6,21.4111053791308,22.399993383884,20.0999954402444
2024,2024-07-21,69,HE,20,3,7,20.9267308121958,21.6999940097328,20.1999953508374
2024,2024-07-21,69,HE,20,4,11,20.951730789844,21.7999939203259,20.0999954402444
2024,2024-07-21,69,HTI,20,1,1,20.7878420474833,21.5999940991398,19.6999957978723
2024,2024-07-21,69,HTI,20,2,5,20.9093697166067,21.6999940097328,19.9999955296514
2024,2024-07-21,69,HTI,20,3,8,21.7677022825302,22.9999928474422,20.2999952614305
2024,2024-07-21,69,HTI,20,4,12,21.4024248313362,22.399993383884,20.1999953508374
2024,2024-07-22,70,AC,20,1,2,20.0090232993577,21.5999940991398,18.1999971389769
2024,2024-07-22,70,AC,20,2,4,19.8145790287601,21.5999940991398,17.8999974071978
2024,2024-07-22,70,AC,20,3,9,20.345134109962,22.6999931156631,17.8999974071978
2024,2024-07-22,70,AC,20,4,10,19.7527735284631,20.8999947249886,18.3999969601629
2024,2024-07-22,70,HE,20,1,3,19.7479124216981,21.4999941885468,17.7999974966048
2024,2024-07-22,70,HE,20,2,6,20.1361065190697,22.099993652105,17.7999974966048
2024,2024-07-22,70,HE,20,3,7,19.8854122987635,21.1999944567677,18.3999969601629
2024,2024-07-22,70,HE,20,4,11,19.813190141113,21.1999944567677,18.0999972283839
2024,2024-07-22,70,HTI,20,1,1,19.4961765356566,20.8999947249886,17.7999974966048
2024,2024-07-22,70,HTI,20,2,5,19.7170096715496,20.9999946355817,18.1999971389769
2024,2024-07-22,70,HTI,20,3,8,20.6170088668868,22.7999930262562,18.1999971389769
2024,2024-07-22,70,HTI,20,4,12,19.8861067425871,21.2999943673607,18.1999971389769
2024,2024-07-23,71,AC,20,1,2,20.1288148589223,20.9999946355817,19.3999960660932
2024,2024-07-23,71,AC,20,2,4,19.9388844731779,20.9999946355817,18.8999965131281
2024,2024-07-23,71,AC,20,3,9,20.6204810860047,21.9999937415119,19.2999961555002
2024,2024-07-23,71,AC,20,4,10,19.8961761780287,20.5999949932095,19.3999960660932
2024,2024-07-23,71,HE,20,1,3,19.967356669944,20.9999946355817,18.8999965131281
2024,2024-07-23,71,HE,20,2,6,20.3465229976091,21.4999941885468,18.9999964237211
2024,2024-07-23,71,HE,20,3,7,20.0881898952438,20.7999948143956,19.2999961555002
2024,2024-07-23,71,HE,20,4,11,19.8947872903816,20.6999949038026,19.1999962449072
2024,2024-07-23,71,HTI,20,1,1,19.7444402025803,20.5999949932095,18.699996691942
2024,2024-07-23,71,HTI,20,2,5,19.7968707112593,20.4999950826165,19.0999963343141
2024,2024-07-23,71,HTI,20,3,8,20.5861061167383,21.6999940097328,19.4999959766862
2024,2024-07-23,71,HTI,20,4,12,20.1614537186297,21.0999945461747,19.2999961555002
2024,2024-07-24,72,AC,20,1,2,19.3159683634421,20.5999949932095,18.0999972283839
2024,2024-07-24,72,AC,20,2,4,18.9329825947473,20.1999953508374,17.7999974966048
2024,2024-07-24,72,AC,20,3,9,19.5579820359537,21.6999940097328,17.8999974071978
2024,2024-07-24,72,AC,20,4,10,18.9197881620996,19.7999957084653,18.0999972283839
2024,2024-07-24,72,HE,20,1,3,18.91596872107,20.2999952614305,17.6999975860117
2024,2024-07-24,72,HE,20,2,6,19.2763850654991,20.8999947249886,17.6999975860117
2024,2024-07-24,72,HE,20,3,7,19.1506907334342,20.0999954402444,18.2999970495699
2024,2024-07-24,72,HE,20,4,11,19.098607446667,20.1999953508374,17.9999973177908
2024,2024-07-24,72,HTI,20,1,1,18.5249968484042,19.4999959766862,17.4999977648257
2024,2024-07-24,72,HTI,20,2,5,19.0725658032834,20.1999953508374,17.9999973177908
2024,2024-07-24,72,HTI,20,3,8,19.7631901858165,21.3999942779538,18.0999972283839
2024,2024-07-24,72,HTI,20,4,12,19.0177047412219,19.9999955296514,18.0999972283839
2024,2024-07-25,73,AC,20,1,2,18.5236079607571,19.8999956190583,17.0999981224536
2024,2024-07-25,73,AC,20,2,4,18.4656219014896,20.0999954402444,16.7999983906745
2024,2024-07-25,73,AC,20,3,9,19.1673573851997,21.2999943673607,16.9999982118606
2024,2024-07-25,73,AC,20,4,10,18.4739552273724,19.6999957978723,17.1999980330466
2024,2024-07-25,73,HE,20,1,3,18.4552052441362,20.1999953508374,16.5999985694884
2024,2024-07-25,73,HE,20,2,6,18.8489548920962,20.8999947249886,16.6999984800815
2024,2024-07-25,73,HE,20,3,7,18.6374967478213,19.9999955296514,17.2999979436396
2024,2024-07-25,73,HE,20,4,11,18.384024752221,19.7999957084653,16.8999983012675
2024,2024-07-25,73,HTI,20,1,1,18.1878443720645,19.7999957084653,16.4999986588954
2024,2024-07-25,73,HTI,20,2,5,18.3447886761897,19.6999957978723,16.8999983012675
2024,2024-07-25,73,HTI,20,3,8,19.031940839605,20.8999947249886,17.0999981224536
2024,2024-07-25,73,HTI,20,4,12,18.7218716723843,20.3999951720235,16.9999982118606
2024,2024-07-26,74,AC,20,1,2,20.0638843614191,21.4999941885468,19.0999963343141
2024,2024-07-26,74,AC,20,2,4,19.9222178214123,21.4999941885468,18.9999964237211
2024,2024-07-26,74,AC,20,3,9,20.6795088110075,22.8999929368492,19.3999960660932
2024,2024-07-26,74,AC,20,4,10,19.6663152724295,20.6999949038026,18.9999964237211
2024,2024-07-26,74,HE,20,1,3,19.9902733161215,21.5999940991398,18.9999964237211
2024,2024-07-26,74,HE,20,2,6,20.4329812536427,22.099993652105,19.2999961555002
2024,2024-07-26,74,HE,20,3,7,19.9791622149445,21.2999943673607,19.1999962449072
2024,2024-07-26,74,HE,20,4,11,19.7458290902274,20.9999946355817,18.8999965131281
2024,2024-07-26,74,HTI,20,1,1,19.5989542215439,20.6999949038026,18.8999965131281
2024,2024-07-26,74,HTI,20,2,5,19.7600651886105,21.0999945461747,18.8999965131281
2024,2024-07-26,74,HTI,20,3,8,20.6541616114475,22.4999932944771,19.3999960660932
2024,2024-07-26,74,HTI,20,4,12,20.0607593642131,21.1999944567677,19.2999961555002
2024,2024-07-27,75,AC,20,1,2,19.3069405937358,20.5999949932095,17.6999975860117
2024,2024-07-27,75,AC,20,2,4,19.08749634549,20.5999949932095,17.2999979436396
2024,2024-07-27,75,AC,20,3,9,19.9058983915586,22.099993652105,17.6999975860117
2024,2024-07-27,75,AC,20,4,10,19.1197879832857,20.1999953508374,17.8999974071978
2024,2024-07-27,75,HE,20,1,3,19.1774268206413,20.8999947249886,17.1999980330466
2024,2024-07-27,75,HE,20,2,6,19.5857597888962,21.5999940991398,17.2999979436396
2024,2024-07-27,75,HE,20,3,7,19.2895794981467,20.5999949932095,17.7999974966048
2024,2024-07-27,75,HE,20,4,11,19.1420101856397,20.4999950826165,17.4999977648257
2024,2024-07-27,75,HTI,20,1,1,18.7763855125339,20.1999953508374,17.0999981224536
2024,2024-07-27,75,HTI,20,2,5,19.0326352834285,20.2999952614305,17.4999977648257
2024,2024-07-27,75,HTI,20,3,8,19.9479122428842,21.6999940097328,17.7999974966048
2024,2024-07-27,75,HTI,20,4,12,19.3340239028548,20.7999948143956,17.5999976754187
2024,2024-07-28,76,AC,20,1,2,19.5736070219839,21.5999940991398,17.5999976754187
2024,2024-07-28,76,AC,20,2,4,19.1614546126994,21.0999945461747,17.1999980330466
2024,2024-07-28,76,AC,20,3,9,20.0506899287715,23.2999925792213,17.3999978542327
2024,2024-07-28,76,AC,20,4,10,19.0090241934274,20.3999951720235,17.6999975860117
2024,2024-07-28,76,HE,20,1,3,19.2749961778519,21.4999941885468,16.9999982118606
2024,2024-07-28,76,HE,20,2,6,19.6329819688985,21.9999937415119,17.0999981224536
2024,2024-07-28,76,HE,20,3,7,19.2777739531462,20.8999947249886,17.6999975860117
2024,2024-07-28,76,HE,20,4,11,19.1933990285833,20.7999948143956,17.3999978542327
2024,2024-07-28,76,HTI,20,1,1,18.7538160882681,20.3999951720235,16.9999982118606
2024,2024-07-28,76,HTI,20,2,5,19.2593711918218,21.0999945461747,17.3999978542327
2024,2024-07-28,76,HTI,20,3,8,20.4253423715835,23.0999927580352,17.6999975860117
2024,2024-07-28,76,HTI,20,4,12,19.2402739866738,20.8999947249886,17.4999977648257
2024,2024-07-29,77,AC,20,1,2,19.8190929136133,22.099993652105,17.4999977648257
2024,2024-07-29,77,AC,20,2,4,19.4562460158018,22.099993652105,16.7999983906745
2024,2024-07-29,77,AC,20,3,9,20.6611060496831,24.8999911487097,17.2999979436396
2024,2024-07-29,77,AC,20,4,10,19.4149266082998,21.5999940991398,17.4999977648257
2024,2024-07-29,77,HE,20,1,3,19.60207921875,22.299993473291,16.6999984800815
2024,2024-07-29,77,HE,20,2,6,20.230898100986,23.4999924004073,16.8999983012675
2024,2024-07-29,77,HE,20,3,7,19.5506903758063,21.7999939203259,17.2999979436396
2024,2024-07-29,77,HE,20,4,11,19.3190933606482,21.3999942779538,17.0999981224536
2024,2024-07-29,77,HTI,20,1,1,19.2197878938787,21.6999940097328,16.5999985694884
2024,2024-07-29,77,HTI,20,2,5,19.5006904205098,21.8999938309189,17.0999981224536
2024,2024-07-29,77,HTI,20,3,8,21.0392307116129,24.2999916851516,17.6999975860117
2024,2024-07-29,77,HTI,20,4,12,19.7124957866964,22.199993562698,17.1999980330466
2024,2024-07-30,78,AC,20,1,2,21.1840222488258,23.8999920427795,18.699996691942
2024,2024-07-30,78,AC,20,2,4,20.8402725561622,23.6999922215934,18.1999971389769
2024,2024-07-30,78,AC,20,3,9,22.4236058398251,26.7999894499773,19.0999963343141
2024,2024-07-30,78,AC,20,4,10,20.7569392973348,23.0999927580352,18.799996602535
2024,2024-07-30,78,HE,20,1,3,21.1822861392669,24.2999916851516,18.1999971389769
2024,2024-07-30,78,HE,20,2,6,22.0552024352672,25.6000003576279,18.699996691942
2024,2024-07-30,78,HE,20,3,7,20.8499947696921,23.3999924898143,18.599996781349
2024,2024-07-30,78,HE,20,4,11,20.7999948143956,23.2999925792213,18.3999969601629
2024,2024-07-30,78,HTI,20,1,1,20.7496476371873,23.3999924898143,18.1999971389769
2024,2024-07-30,78,HTI,20,2,5,20.9534668994029,23.7999921321864,18.2999970495699
2024,2024-07-30,78,HTI,20,3,8,22.7197860964261,26.2999898970121,19.2999961555002
2024,2024-07-30,78,HTI,20,4,12,21.2260361001513,23.9999919533725,18.699996691942
2024,2024-07-31,79,AC,20,1,2,21.324994345009,22.5999932050701,19.8999956190583
2024,2024-07-31,79,AC,20,2,4,21.0510362566135,22.9999928474422,19.1999962449072
2024,2024-07-31,79,AC,20,3,9,22.571521008304,24.9999910593027,20.2999952614305
2024,2024-07-31,79,AC,20,4,10,21.2729110582418,22.7999930262562,19.7999957084653
2024,2024-07-31,79,HE,20,1,3,21.2020777882384,22.9999928474422,19.2999961555002
2024,2024-07-31,79,HE,20,2,6,22.1687435906377,24.3999915957446,19.8999956190583
2024,2024-07-31,79,HE,20,3,7,21.1517306110301,22.6999931156631,19.5999958872793
2024,2024-07-31,79,HE,20,4,11,21.1906194651496,22.6999931156631,19.4999959766862
2024,2024-07-31,79,HTI,20,1,1,21.020133506465,22.6999931156631,19.2999961555002
2024,2024-07-31,79,HTI,20,2,5,21.3354110023624,23.2999925792213,19.4999959766862
2024,2024-07-31,79,HTI,20,3,8,22.5468682525675,24.4999915063376,20.4999950826165
2024,2024-07-31,79,HTI,20,4,12,21.7211745463515,23.4999924004073,19.8999956190583
2024,2024-08-01,80,AC,20,1,2,20.2802036124589,21.2999943673607,19.6999957978723
2024,2024-08-01,80,AC,20,2,4,20.0170094033287,20.8999947249886,19.2999961555002
2024,2024-08-01,80,AC,20,3,9,21.0423557088189,22.299993473291,20.0999954402444
2024,2024-08-01,80,AC,20,4,10,20.3579813206979,21.4999941885468,19.7999957084653
2024,2024-08-01,80,HE,20,1,3,20.1010371059797,20.8999947249886,19.2999961555002
2024,2024-08-01,80,HE,20,2,6,20.6933976874787,21.6999940097328,19.6999957978723
2024,2024-08-01,80,HE,20,3,7,20.2940924889301,21.1999944567677,19.6999957978723
2024,2024-08-01,80,HE,20,4,11,20.0923565581852,21.1999944567677,19.3999960660932
2024,2024-08-01,80,HTI,20,1,1,20.0277732825939,20.9999946355817,19.2999961555002
2024,2024-08-01,80,HTI,20,2,5,20.1142315386275,21.1999944567677,19.4999959766862
2024,2024-08-01,80,HTI,20,3,8,20.8208281291025,22.199993562698,19.9999955296514
2024,2024-08-01,80,HTI,20,4,12,20.5972172179153,21.5999940991398,19.8999956190583
2024,2024-08-02,81,AC,20,1,2,20.2266389256321,22.299993473291,18.3999969601629
2024,2024-08-02,81,AC,20,2,4,20.1681614692646,22.5999932050701,17.9999973177908
2024,2024-08-02,81,AC,20,3,9,21.0986104643672,24.8999911487097,18.2999970495699
2024,2024-08-02,81,AC,20,4,10,20.0602030882783,21.8999938309189,18.499996870756
2024,2024-08-02,81,HE,20,1,3,20.2134901484607,22.6999931156631,17.7999974966048
2024,2024-08-02,81,HE,20,2,6,20.6546662246064,23.5999923110004,17.9999973177908
2024,2024-08-02,81,HE,20,3,7,20.2833862797403,22.399993383884,18.3999969601629
2024,2024-08-02,81,HE,20,4,11,20.0200647158604,21.9999937415119,18.0999972283839
2024,2024-08-02,81,HTI,20,1,1,19.9678156276266,22.199993562698,17.7999974966048
2024,2024-08-02,81,HTI,20,2,5,20.2345973960253,22.6999931156631,17.9999973177908
2024,2024-08-02,81,HTI,20,3,8,21.2785410993442,24.3999915957446,18.3999969601629
2024,2024-08-02,81,HTI,20,4,12,20.3868463948521,22.5999932050701,18.3999969601629
2024,2024-08-03,82,AC,20,1,2,20.4413145795255,21.4999941885468,19.3999960660932
2024,2024-08-03,82,AC,20,2,4,20.2433980898101,21.4999941885468,18.9999964237211
2024,2024-08-03,82,AC,20,3,9,21.5322858263424,23.4999924004073,19.8999956190583
2024,2024-08-03,82,AC,20,4,10,20.4173562676126,21.2999943673607,19.4999959766862
2024,2024-08-03,82,HE,20,1,3,20.3697868656985,21.7999939203259,18.9999964237211
2024,2024-08-03,82,HE,20,2,6,21.0371473801422,22.7999930262562,19.3999960660932
2024,2024-08-03,82,HE,20,3,7,20.491314534822,21.5999940991398,19.3999960660932
2024,2024-08-03,82,HE,20,4,11,20.3600646521686,21.5999940991398,19.0999963343141
2024,2024-08-03,82,HTI,20,1,1,20.2170092245147,21.4999941885468,18.9999964237211
2024,2024-08-03,82,HTI,20,2,5,20.2899258259888,21.5999940991398,19.0999963343141
2024,2024-08-03,82,HTI,20,3,8,21.5048552953117,23.0999927580352,19.9999955296514
2024,2024-08-03,82,HTI,20,4,12,20.7868003817479,22.099993652105,19.4999959766862
2024,2024-08-04,83,AC,20,1,2,19.7690929583168,20.2999952614305,19.0999963343141
2024,2024-08-04,83,AC,20,2,4,19.4805515496265,19.9999955296514,18.799996602535
2024,2024-08-04,83,AC,20,3,9,20.5444394873245,21.8999938309189,19.1999962449072
2024,2024-08-04,83,AC,20,4,10,19.6256903087511,20.2999952614305,19.0999963343141
2024,2024-08-04,83,HE,20,1,3,19.6965235787545,20.3999951720235,18.799996602535
2024,2024-08-04,83,HE,20,2,6,20.1798564799541,21.1999944567677,19.0999963343141
2024,2024-08-04,83,HE,20,3,7,19.795829045524,20.2999952614305,19.1999962449072
2024,2024-08-04,83,HE,20,4,11,19.7114541209611,20.2999952614305,18.9999964237211
2024,2024-08-04,83,HTI,20,1,1,19.3187461387364,19.8999956190583,18.599996781349
2024,2024-08-04,83,HTI,20,2,5,19.6166625390448,20.1999953508374,18.8999965131281
2024,2024-08-04,83,HTI,20,3,8,20.4576340093792,21.2999943673607,19.3999960660932
2024,2024-08-04,83,HTI,20,4,12,19.9124956078825,20.5999949932095,19.1999962449072
2024,2024-08-05,84,AC,20,1,2,19.2999961555002,19.2999961555002,19.2999961555002
2024,2024-08-05,84,AC,20,2,4,18.799996602535,18.799996602535,18.799996602535
2024,2024-08-05,84,AC,20,3,9,19.8999956190583,19.8999956190583,19.8999956190583
2024,2024-08-05,84,AC,20,4,10,19.2999961555002,19.2999961555002,19.2999961555002
2024,2024-08-05,84,HE,20,1,3,18.9999964237211,18.9999964237211,18.9999964237211
2024,2024-08-05,84,HE,20,2,6,19.4999959766862,19.4999959766862,19.4999959766862
2024,2024-08-05,84,HE,20,3,7,19.2999961555002,19.2999961555002,19.2999961555002
2024,2024-08-05,84,HE,20,4,11,19.0999963343141,19.0999963343141,19.0999963343141
2024,2024-08-05,84,HTI,20,1,1,18.599996781349,18.599996781349,18.599996781349
2024,2024-08-05,84,HTI,20,2,5,18.9999964237211,18.9999964237211,18.9999964237211
2024,2024-08-05,84,HTI,20,3,8,19.8999956190583,19.8999956190583,19.8999956190583
2024,2024-08-05,84,HTI,20,4,12,19.3999960660932,19.3999960660932,19.3999960660932
2024,2024-08-06,85,AC,20,1,2,20.3708285314339,22.6999931156631,18.0999972283839
2024,2024-08-06,85,AC,20,2,4,20.7458281961577,23.7999921321864,17.7999974966048
2024,2024-08-06,85,AC,20,3,9,21.9024252038653,26,18.599996781349
2024,2024-08-06,85,AC,20,4,10,20.1645787158357,22.399993383884,18.0999972283839
2024,2024-08-06,85,HE,20,1,3,20.3534674358448,22.8999929368492,17.4999977648257
2024,2024-08-06,85,HE,20,2,6,21.1854111364729,24.3999915957446,17.8999974071978
2024,2024-08-06,85,HE,20,3,7,20.6583282743888,23.1999926686283,18.1999971389769
2024,2024-08-06,85,HE,20,4,11,20.3534674358448,22.6999931156631,17.8999974071978
2024,2024-08-06,85,HTI,20,1,1,20.4548562340849,23.3999924898143,17.4999977648257
2024,2024-08-06,85,HTI,20,2,5,20.588189448209,23.2999925792213,17.7999974966048
2024,2024-08-06,85,HTI,20,3,8,21.7704800578244,24.9999910593027,18.3999969601629
2024,2024-08-06,85,HTI,20,4,12,20.7465226399812,23.2999925792213,18.1999971389769
2024,2024-08-07,86,AC,20,1,2,20.2756897276057,21.5999940991398,19.4999959766862
2024,2024-08-07,86,AC,20,2,4,20.3305507896672,21.4999941885468,19.2999961555002
2024,2024-08-07,86,AC,20,3,9,21.3822859604529,22.9999928474422,20.0999954402444
2024,2024-08-07,86,AC,20,4,10,20.3267313486376,21.2999943673607,19.5999958872793
2024,2024-08-07,86,HE,20,1,3,20.089578782891,21.0999945461747,19.1999962449072
2024,2024-08-07,86,HE,20,2,6,20.8069392526312,21.9999937415119,19.7999957084653
2024,2024-08-07,86,HE,20,3,7,20.4267312592306,21.4999941885468,19.5999958872793
2024,2024-08-07,86,HE,20,4,11,20.3354118964321,21.3999942779538,19.4999959766862
2024,2024-08-07,86,HTI,20,1,1,20.1173565358335,21.1999944567677,19.1999962449072
2024,2024-08-07,86,HTI,20,2,5,20.4170090457007,21.7999939203259,19.4999959766862
2024,2024-08-07,86,HTI,20,3,8,21.1701333723545,22.6999931156631,19.9999955296514
2024,2024-08-07,86,HTI,20,4,12,20.5024256359989,21.6999940097328,19.6999957978723
2024,2024-08-08,87,AC,20,1,2,19.619440314339,20.9999946355817,18.2999970495699
2024,2024-08-08,87,AC,20,2,4,19.8253429080254,21.7999939203259,18.0999972283839
2024,2024-08-08,87,AC,20,3,9,20.5444394873245,23.0999927580352,18.599996781349
2024,2024-08-08,87,AC,20,4,10,19.8826345234693,21.1999944567677,18.699996691942
2024,2024-08-08,87,HE,20,1,3,19.8204818012604,21.4999941885468,18.0999972283839
2024,2024-08-08,87,HE,20,2,6,20.2482591965751,22.199993562698,18.2999970495699
2024,2024-08-08,87,HE,20,3,7,20.0933982239206,21.6999940097328,18.599996781349
2024,2024-08-08,87,HE,20,4,11,19.9607594536201,21.5999940991398,18.3999969601629
2024,2024-08-08,87,HTI,20,1,1,19.7461763121392,21.5999940991398,17.9999973177908
2024,2024-08-08,87,HTI,20,2,5,20.0781204598022,21.9999937415119,18.2999970495699
2024,2024-08-08,87,HTI,20,3,8,20.6308977433581,22.5999932050701,18.599996781349
2024,2024-08-08,87,HTI,20,4,12,20.0618010299485,21.6999940097328,18.599996781349
2024,2024-08-09,88,AC,20,1,2,19.8690928689098,20.8999947249886,19.1999962449072
2024,2024-08-09,88,AC,20,2,4,20.0249955072996,21.5999940991398,19.1999962449072
2024,2024-08-09,88,AC,20,3,9,20.8659669776341,23.1999926686283,19.6999957978723
2024,2024-08-09,88,AC,20,4,10,20.0246482853878,21.0999945461747,19.3999960660932
2024,2024-08-09,88,HE,20,1,3,19.9045095039115,21.1999944567677,19.0999963343141
2024,2024-08-09,88,HE,20,2,6,20.3413146689324,21.7999939203259,19.3999960660932
2024,2024-08-09,88,HE,20,3,7,20.1680509349535,21.2999943673607,19.4999959766862
2024,2024-08-09,88,HE,20,4,11,19.9694400014146,21.1999944567677,19.1999962449072
2024,2024-08-09,88,HTI,20,1,1,19.9170094927356,21.3999942779538,18.9999964237211
2024,2024-08-09,88,HTI,20,2,5,20.0347177208295,21.5999940991398,19.1999962449072
2024,2024-08-09,88,HTI,20,3,8,20.643744954094,22.199993562698,19.6999957978723
2024,2024-08-09,88,HTI,20,4,12,20.2319397667213,21.2999943673607,19.4999959766862
2024,2024-08-10,89,AC,20,1,2,19.7319402137562,21.4999941885468,18.0999972283839
2024,2024-08-10,89,AC,20,2,4,20.1597176090708,22.7999930262562,17.7999974966048
2024,2024-08-10,89,AC,20,3,9,20.788189269395,23.6999922215934,18.1999971389769
2024,2024-08-10,89,AC,20,4,10,19.8315929024374,21.3999942779538,18.2999970495699
2024,2024-08-10,89,HE,20,1,3,19.7673568487579,21.5999940991398,17.6999975860117
2024,2024-08-10,89,HE,20,2,6,20.1888842496604,22.399993383884,17.8999974071978
2024,2024-08-10,89,HE,20,3,7,20.0861065637731,22.099993652105,18.1999971389769
2024,2024-08-10,89,HE,20,4,11,19.9319400349422,21.9999937415119,17.8999974071978
2024,2024-08-10,89,HTI,20,1,1,19.9315928130304,22.4999932944771,17.6999975860117
2024,2024-08-10,89,HTI,20,2,5,20.110064875686,22.5999932050701,17.8999974071978
2024,2024-08-10,89,HTI,20,3,8,20.9083280508714,23.5999923110004,18.2999970495699
2024,2024-08-10,89,HTI,20,4,12,20.0097177431812,21.9999937415119,18.0999972283839
2024,2024-08-11,90,AC,20,1,2,21.1683972627956,23.2999925792213,19.2999961555002
2024,2024-08-11,90,AC,20,2,4,21.8288133390037,24.9999910593027,19.0999963343141
2024,2024-08-11,90,AC,20,3,9,22.5218691627802,26,19.7999957084653
2024,2024-08-11,90,AC,20,4,10,21.1878416898554,23.2999925792213,19.3999960660932
2024,2024-08-11,90,HE,20,1,3,21.4100637133954,23.6999922215934,18.9999964237211
2024,2024-08-11,90,HE,20,2,6,22.0715214553389,24.8999911487097,19.3999960660932
2024,2024-08-11,90,HE,20,3,7,21.5847163350215,24.0999918639655,19.3999960660932
2024,2024-08-11,90,HE,20,4,11,21.4076331600129,23.8999920427795,19.1999962449072
2024,2024-08-11,90,HTI,20,1,1,21.4656192192804,24.3999915957446,18.9999964237211
2024,2024-08-11,90,HTI,20,2,5,21.9413135799058,25.2999907910818,19.0999963343141
2024,2024-08-11,90,HTI,20,3,8,22.8180497608662,25.7000002682209,20.0999954402444
2024,2024-08-11,90,HTI,20,4,12,21.4086748257483,23.6999922215934,19.3999960660932
2024,2024-08-12,91,AC,20,1,2,21.81249390915,24.1999917745585,19.5999958872793
2024,2024-08-12,91,AC,20,2,4,22.4565912726228,25.799990344047,19.2999961555002
2024,2024-08-12,91,AC,20,3,9,22.9593690789612,26.4999995529651,19.9999955296514
2024,2024-08-12,91,AC,20,4,10,21.8052022490026,24.1999917745585,19.4999959766862
2024,2024-08-12,91,HE,20,1,3,21.868049415035,24.2999916851516,19.0999963343141
2024,2024-08-12,91,HE,20,2,6,22.6906189777574,25.6000003576279,19.5999958872793
2024,2024-08-12,91,HE,20,3,7,22.1548547141664,24.6999913275237,19.6999957978723
2024,2024-08-12,91,HE,20,4,11,21.9857576431289,24.6999913275237,19.2999961555002
2024,2024-08-12,91,HTI,20,1,1,22.0256881629837,24.9999910593027,19.0999963343141
2024,2024-08-12,91,HTI,20,2,5,22.5857578238055,25.89999025464,19.3999960660932
2024,2024-08-12,91,HTI,20,3,8,23.1458273138847,25.799990344047,20.1999953508374
2024,2024-08-12,91,HTI,20,4,12,22.2017296722569,24.9999910593027,19.5999958872793
2024,2024-08-13,92,AC,20,1,2,23.6847156526724,25.799990344047,21.8999938309189
2024,2024-08-13,92,AC,20,2,4,24.3104111085332,27.4999986588954,21.7999939203259
2024,2024-08-13,92,AC,20,3,9,24.8340221612814,28.0999981224536,22.4999932944771
2024,2024-08-13,92,AC,20,4,10,23.6083271052685,26,21.6999940097328
2024,2024-08-13,92,HE,20,1,3,24.0152711175792,26.4999995529651,21.7999939203259
2024,2024-08-13,92,HE,20,2,6,24.6496469846406,27.4999986588954,22.299993473291
2024,2024-08-13,92,HE,20,3,7,23.9670073401386,26.4999995529651,21.8999938309189
2024,2024-08-13,92,HE,20,4,11,24.0489524625859,26.9999991059303,21.6999940097328
2024,2024-08-13,92,HTI,20,1,1,24.0017302825837,26.6999993741512,21.7999939203259
2024,2024-08-13,92,HTI,20,2,5,24.4517305632222,27.7999983906745,21.8999938309189
2024,2024-08-13,92,HTI,20,3,8,25.0013835666905,27.7999983906745,22.4999932944771
2024,2024-08-13,92,HTI,20,4,12,24.0802023322008,26.6999993741512,22.099993652105
2024,2024-08-14,93,AC,20,1,2,22.3885350607953,23.6999922215934,21.5999940991398
2024,2024-08-14,93,AC,20,2,4,22.4600627746222,23.7999921321864,21.3999942779538
2024,2024-08-14,93,AC,20,3,9,23.1656176993619,24.3999915957446,21.9999937415119
2024,2024-08-14,93,AC,20,4,10,22.3468684313815,23.5999923110004,21.5999940991398
2024,2024-08-14,93,HE,20,1,3,22.3916600580013,23.3999924898143,21.1999944567677
2024,2024-08-14,93,HE,20,2,6,22.8124930150803,23.8999920427795,21.5999940991398
2024,2024-08-14,93,HE,20,3,7,22.5367988171259,23.5999923110004,21.5999940991398
2024,2024-08-14,93,HE,20,4,11,22.5392293705084,23.7999921321864,21.4999941885468
2024,2024-08-14,93,HTI,20,1,1,22.2645768382893,23.3999924898143,21.1999944567677
2024,2024-08-14,93,HTI,20,2,5,22.5131877271248,23.6999922215934,21.3999942779538
2024,2024-08-14,93,HTI,20,3,8,23.1395760559783,24.4999915063376,22.099993652105
2024,2024-08-14,93,HTI,20,4,12,22.5451321430087,23.7999921321864,21.6999940097328
2024,2024-08-15,94,AC,20,1,2,21.7232578778222,23.0999927580352,20.3999951720235
2024,2024-08-15,94,AC,20,2,4,21.9222160332729,24.0999918639655,20.0999954402444
2024,2024-08-15,94,AC,20,3,9,22.3840211759421,24.9999910593027,20.3999951720235
2024,2024-08-15,94,AC,20,4,10,21.6767301416435,23.0999927580352,20.3999951720235
2024,2024-08-15,94,HE,20,1,3,21.6843690237027,23.1999926686283,19.9999955296514
2024,2024-08-15,94,HE,20,2,6,21.9597159997453,23.6999922215934,20.2999952614305
2024,2024-08-15,94,HE,20,3,7,22.0545075816616,23.7999921321864,20.4999950826165
2024,2024-08-15,94,HE,20,4,11,21.9322854687146,23.8999920427795,20.2999952614305
2024,2024-08-15,94,HTI,20,1,1,21.6170079728171,23.5999923110004,19.8999956190583
2024,2024-08-15,94,HTI,20,2,5,21.8333272238569,23.7999921321864,20.0999954402444
2024,2024-08-15,94,HTI,20,3,8,22.5812432218339,24.6999913275237,20.5999949932095
2024,2024-08-15,94,HTI,20,4,12,21.9270771400378,23.5999923110004,20.4999950826165
2024,2024-08-16,95,AC,20,1,2,20.6857588054195,21.6999940097328,20.2999952614305
2024,2024-08-16,95,AC,20,2,4,20.6288144118874,21.1999944567677,20.0999954402444
2024,2024-08-16,95,AC,20,3,9,21.1420083975002,21.8999938309189,20.5999949932095
2024,2024-08-16,95,AC,20,4,10,20.7149254460091,21.4999941885468,20.1999953508374
2024,2024-08-16,95,HE,20,1,3,20.3930507337878,20.9999946355817,19.7999957084653
2024,2024-08-16,95,HE,20,2,6,20.8124948032197,21.4999941885468,20.1999953508374
2024,2024-08-16,95,HE,20,3,7,20.8833280732231,21.4999941885468,20.2999952614305
2024,2024-08-16,95,HE,20,4,11,20.6395782911526,21.2999943673607,19.9999955296514
2024,2024-08-16,95,HTI,20,1,1,20.4003423939353,21.0999945461747,19.6999957978723
2024,2024-08-16,95,HTI,20,2,5,20.4628423380559,21.0999945461747,19.8999956190583
2024,2024-08-16,95,HTI,20,3,8,21.1447861727945,22.199993562698,20.6999949038026
2024,2024-08-16,95,HTI,20,4,12,20.8538142107216,21.4999941885468,20.3999951720235
2024,2024-08-17,96,AC,20,1,2,20.572217240267,21.8999938309189,19.4999959766862
2024,2024-08-17,96,AC,20,2,4,21.0881890011741,23.8999920427795,19.1999962449072
2024,2024-08-17,96,AC,20,3,9,21.2302027630927,23.7999921321864,19.4999959766862
2024,2024-08-17,96,AC,20,4,10,20.6704810413011,22.199993562698,19.4999959766862
2024,2024-08-17,96,HE,20,1,3,21.1468695042652,23.1999926686283,19.3999960660932
2024,2024-08-17,96,HE,20,2,6,20.9753418798452,22.7999930262562,19.3999960660932
2024,2024-08-17,96,HE,20,3,7,21.0187446188178,22.7999930262562,19.5999958872793
2024,2024-08-17,96,HE,20,4,11,20.8607586489573,22.7999930262562,19.1999962449072
2024,2024-08-17,96,HTI,20,1,1,20.7531198563051,23.1999926686283,18.9999964237211
2024,2024-08-17,96,HTI,20,2,5,21.2621471789766,23.8999920427795,19.2999961555002
2024,2024-08-17,96,HTI,20,3,8,21.5274247195775,23.7999921321864,19.5999958872793
2024,2024-08-17,96,HTI,20,4,12,20.4933978662927,21.6999940097328,19.3999960660932
2024,2024-08-18,97,AC,20,1,2,19.9708288890617,21.1999944567677,18.799996602535
2024,2024-08-18,97,AC,20,2,4,20.4104118293769,22.9999928474422,18.3999969601629
2024,2024-08-18,97,AC,20,3,9,20.7173559993916,22.9999928474422,18.799996602535
2024,2024-08-18,97,AC,20,4,10,20.1083287661271,21.3999942779538,18.8999965131281
2024,2024-08-18,97,HE,20,1,3,20.2538147471635,22.099993652105,18.499996870756
2024,2024-08-18,97,HE,20,2,6,20.2402730926041,22.199993562698,18.499996870756
2024,2024-08-18,97,HE,20,3,7,20.4253423715835,22.199993562698,18.8999965131281
2024,2024-08-18,97,HE,20,4,11,20.3284674581965,22.299993473291,18.599996781349
2024,2024-08-18,97,HTI,20,1,1,20.0812454570082,22.299993473291,18.2999970495699
2024,2024-08-18,97,HTI,20,2,5,20.3600646521686,22.4999932944771,18.599996781349
2024,2024-08-18,97,HTI,20,3,8,20.7767309463062,22.6999931156631,18.9999964237211
2024,2024-08-18,97,HTI,20,4,12,19.9368011417072,21.3999942779538,18.699996691942
2024,2024-08-19,98,AC,20,1,2,18.9190937182761,21.0999945461747,16.6999984800815
2024,2024-08-19,98,AC,20,2,4,19.5031209738923,23.2999925792213,15.9999991059303
2024,2024-08-19,98,AC,20,3,9,19.5180515160989,22.8999929368492,16.3999987483024
2024,2024-08-19,98,AC,20,4,10,19.0663158088713,21.2999943673607,16.8999983012675
2024,2024-08-19,98,HE,20,1,3,19.0631908116653,21.7999939203259,15.9999991059303
2024,2024-08-19,98,HE,20,2,6,19.0322880615168,21.9999937415119,15.7999992847442
2024,2024-08-19,98,HE,20,3,7,19.5520792634535,22.4999932944771,16.6999984800815
2024,2024-08-19,98,HE,20,4,11,19.3329822371194,22.299993473291,16.2999988377094
2024,2024-08-19,98,HTI,20,1,1,18.9656214544547,22.5999932050701,15.5999994635582
2024,2024-08-19,98,HTI,20,2,5,19.4833293249207,22.8999929368492,16.0999990165233
2024,2024-08-19,98,HTI,20,3,8,19.8437456693498,22.6999931156631,16.6999984800815
2024,2024-08-19,98,HTI,20,4,12,18.8552048865083,21.2999943673607,16.3999987483024
2024,2024-08-20,99,AC,20,1,2,19.7788151718467,21.4999941885468,18.2999970495699
2024,2024-08-20,99,AC,20,2,4,20.1315926342165,23.3999924898143,17.7999974966048
2024,2024-08-20,99,AC,20,3,9,20.3114535845192,22.8999929368492,18.1999971389769
2024,2024-08-20,99,AC,20,4,10,19.7006902416958,21.4999941885468,18.1999971389769
2024,2024-08-20,99,HE,20,1,3,19.9232594871477,22.399993383884,17.7999974966048
2024,2024-08-20,99,HE,20,2,6,20.1277731931869,22.7999930262562,17.8999974071978
2024,2024-08-20,99,HE,20,3,7,20.3597174302569,22.8999929368492,18.2999970495699
2024,2024-08-20,99,HE,20,4,11,20.0534677040657,22.6999931156631,17.8999974071978
2024,2024-08-20,99,HTI,20,1,1,19.7944401578768,22.8999929368492,17.5999976754187
2024,2024-08-20,99,HTI,20,2,5,20.2881897164299,23.6999922215934,17.8999974071978
2024,2024-08-20,99,HTI,20,3,8,20.5729116840906,22.9999928474422,18.499996870756
2024,2024-08-20,99,HTI,20,4,12,19.7038152389019,21.6999940097328,18.0999972283839
2024,2024-08-21,100,AC,20,1,2,18.2295110014783,19.5999958872793,17.2999979436396
2024,2024-08-21,100,AC,20,2,4,18.160066619122,19.9999955296514,16.5999985694884
2024,2024-08-21,100,AC,20,3,9,18.7177050094429,20.6999949038026,16.9999982118606
2024,2024-08-21,100,AC,20,4,10,18.3861080836917,19.4999959766862,17.2999979436396
2024,2024-08-21,100,HE,20,1,3,18.3805525331032,19.6999957978723,16.9999982118606
2024,2024-08-21,100,HE,20,2,6,18.1281222032381,19.3999960660932,16.6999984800815
2024,2024-08-21,100,HE,20,3,7,18.8385382347428,20.3999951720235,17.3999978542327
2024,2024-08-21,100,HE,20,4,11,18.4260386035465,19.9999955296514,16.8999983012675
2024,2024-08-21,100,HTI,20,1,1,17.9163168370515,19.7999957084653,16.2999988377094
2024,2024-08-21,100,HTI,20,2,5,18.6284689781151,20.7999948143956,16.7999983906745
2024,2024-08-21,100,HTI,20,3,8,18.774649402975,20.1999953508374,17.2999979436396
2024,2024-08-21,100,HTI,20,4,12,18.0996500064721,19.2999961555002,17.0999981224536
2024,2024-08-22,101,AC,20,1,2,17.6479142992445,19.4999959766862,15.7999992847442
2024,2024-08-22,101,AC,20,2,4,18.2288157722393,21.5999940991398,15.099999910593
2024,2024-08-22,101,AC,20,3,9,18.1520805151511,20.7999948143956,15.5999994635582
2024,2024-08-22,101,AC,20,4,10,17.9458306995529,19.9999955296514,15.9999991059303
2024,2024-08-22,101,HE,20,1,3,17.8711772714015,20.0999954402444,15.3999898076051
2024,2024-08-22,101,HE,20,2,6,17.8343714755647,20.1999953508374,15.1999899864191
2024,2024-08-22,101,HE,20,3,7,18.392010856192,20.8999947249886,15.8999991953372
2024,2024-08-22,101,HE,20,4,11,18.0642333714704,20.6999949038026,15.4999995529651
2024,2024-08-22,101,HTI,20,1,1,17.8725663639396,21.0999945461747,15
2024,2024-08-22,101,HTI,20,2,5,18.2815935369786,21.3999942779538,15.3999898076051
2024,2024-08-22,101,HTI,20,3,8,18.3996497382511,20.8999947249886,15.7999992847442
2024,2024-08-22,101,HTI,20,4,12,17.6819420465991,19.4999959766862,15.7999992847442
2024,2024-08-23,102,AC,20,1,2,18.9614547915134,20.0999954402444,17.9999973177908
2024,2024-08-23,102,AC,20,2,4,19.4909682069799,21.4999941885468,17.8999974071978
2024,2024-08-23,102,AC,20,3,9,19.336801678149,20.9999946355817,17.9999973177908
2024,2024-08-23,102,AC,20,4,10,19.0072880838685,20.1999953508374,17.8999974071978
2024,2024-08-23,102,HE,20,1,3,18.9746492241611,20.2999952614305,17.7999974966048
2024,2024-08-23,102,HE,20,2,6,19.1916629190244,20.7999948143956,17.6999975860117
2024,2024-08-23,102,HE,20,3,7,19.4381904763891,20.8999947249886,18.0999972283839
2024,2024-08-23,102,HE,20,4,11,19.0531213762237,20.3999951720235,17.7999974966048
2024,2024-08-23,102,HTI,20,1,1,19.0826352387251,20.8999947249886,17.5999976754187
2024,2024-08-23,102,HTI,20,2,5,19.1788157082885,20.8999947249886,17.7999974966048
2024,2024-08-23,102,HTI,20,3,8,19.3975655127107,20.6999949038026,18.1999971389769
2024,2024-08-23,102,HTI,20,4,12,18.9506909122482,20.1999953508374,17.7999974966048
2024,2024-08-24,103,AC,20,1,2,19.3090239252065,21.6999940097328,17.5999976754187
2024,2024-08-24,103,AC,20,2,4,19.9718705547971,23.7999921321864,17.2999979436396
2024,2024-08-24,103,AC,20,3,9,19.5836764574255,22.4999932944771,17.3999978542327
2024,2024-08-24,103,AC,20,4,10,19.3437461163846,21.7999939203259,17.4999977648257
2024,2024-08-24,103,HE,20,1,3,19.28437116947,21.8999938309189,17.1999980330466
2024,2024-08-24,103,HE,20,2,6,19.5534681511006,22.5999932050701,17.1999980330466
2024,2024-08-24,103,HE,20,3,7,19.7138846743435,22.4999932944771,17.5999976754187
2024,2024-08-24,103,HE,20,4,11,19.2649267424103,21.9999937415119,17.1999980330466
2024,2024-08-24,103,HTI,20,1,1,19.6086764350738,23.3999924898143,16.9999982118606
2024,2024-08-24,103,HTI,20,2,5,19.5045098615394,22.7999930262562,17.0999981224536
2024,2024-08-24,103,HTI,20,3,8,19.638537519487,22.4999932944771,17.4999977648257
2024,2024-08-24,103,HTI,20,4,12,19.2993017116766,21.7999939203259,17.4999977648257
2024,2024-08-25,104,AC,20,1,2,18.3361081283952,19.3999960660932,17.3999978542327
2024,2024-08-25,104,AC,20,2,4,18.6267328685562,20.4999950826165,16.9999982118606
2024,2024-08-25,104,AC,20,3,9,18.6854133716472,20.1999953508374,17.0999981224536
2024,2024-08-25,104,AC,20,4,10,18.6548578434104,19.7999957084653,17.3999978542327
2024,2024-08-25,104,HE,20,1,3,18.4687468986956,19.7999957084653,17.0999981224536
2024,2024-08-25,104,HE,20,2,6,18.312497038394,19.5999958872793,16.8999983012675
2024,2024-08-25,104,HE,20,3,7,18.8677048753324,20.2999952614305,17.3999978542327
2024,2024-08-25,104,HE,20,4,11,18.4861079942847,19.9999955296514,16.9999982118606
2024,2024-08-25,104,HTI,20,1,1,18.353816445896,20.2999952614305,16.5999985694884
2024,2024-08-25,104,HTI,20,2,5,18.7118022369426,20.6999949038026,16.9999982118606
2024,2024-08-25,104,HTI,20,3,8,18.9291631537177,20.5999949932095,17.2999979436396
2024,2024-08-25,104,HTI,20,4,12,18.2999970495699,19.3999960660932,17.1999980330466
2024,2024-08-26,105,AC,20,1,2,17.5197894137972,19.5999958872793,15.6999993741512
2024,2024-08-26,105,AC,20,2,4,17.9319412425572,21.1999944567677,15.099999910593
2024,2024-08-26,105,AC,20,3,9,17.7614551472786,20.4999950826165,15.3999898076051
2024,2024-08-26,105,AC,20,4,10,17.7309003361603,19.7999957084653,15.7999992847442
2024,2024-08-26,105,HE,20,1,3,17.4687474512804,19.6999957978723,15.2999997317791
2024,2024-08-26,105,HE,20,2,6,17.5170111262755,20.0999954402444,15
2024,2024-08-26,105,HE,20,3,7,18.0038167588204,20.5999949932095,15.6999993741512
2024,2024-08-26,105,HE,20,4,11,17.535413614412,19.8999956190583,15.2999997317791
2024,2024-08-26,105,HTI,20,1,1,17.6055521674038,20.9999946355817,14.6999904334539
2024,2024-08-26,105,HTI,20,2,5,17.7916635560491,20.8999947249886,15.099999910593
2024,2024-08-26,105,HTI,20,3,8,18.0069417560264,20.4999950826165,15.5999994635582
2024,2024-08-26,105,HTI,20,4,12,17.5388866189452,19.5999958872793,15.6999993741512
2024,2024-08-27,106,AC,20,1,2,18.8124965913592,22.099993652105,16.0999990165233
2024,2024-08-27,106,AC,20,2,4,19.5322876144819,24.0999918639655,15.5999994635582
2024,2024-08-27,106,AC,20,3,9,19.0086769715156,23.1999926686283,15.5999994635582
2024,2024-08-27,106,AC,20,4,10,18.7027744672363,21.7999939203259,15.9999991059303
2024,2024-08-27,106,HE,20,1,3,18.9760381118082,22.5999932050701,15.5999994635582
2024,2024-08-27,106,HE,20,2,6,18.9381903428996,22.7999930262562,15.3999898076051
2024,2024-08-27,106,HE,20,3,7,19.1236074243153,22.8999929368492,15.9999991059303
2024,2024-08-27,106,HE,20,4,11,18.83020490886,22.5999932050701,15.4999995529651
2024,2024-08-27,106,HTI,20,1,1,19.1527735185289,24.0999918639655,15.099999910593
2024,2024-08-27,106,HTI,20,2,5,19.5288153953641,24.0999918639655,15.4999995529651
2024,2024-08-27,106,HTI,20,3,8,19.489232097421,23.1999926686283,15.9999991059303
2024,2024-08-27,106,HTI,20,4,12,18.4746496711959,21.5999940991398,15.8999991953372
2024,2024-08-28,107,AC,20,1,2,20.259370297752,24.0999918639655,16.7999983906745
2024,2024-08-28,107,AC,20,2,4,20.8909678089947,25.799990344047,16.1999989271163
2024,2024-08-28,107,AC,20,3,9,20.5517315231054,25.2000007152558,16.2999988377094
2024,2024-08-28,107,AC,20,4,10,19.9201344899417,23.4999924004073,16.6999984800815
2024,2024-08-28,107,HE,20,1,3,20.5843700071794,24.9999910593027,16.0999990165233
2024,2024-08-28,107,HE,20,2,6,20.624647748946,25.0999909698958,15.9999991059303
2024,2024-08-28,107,HE,20,3,7,20.4329812536427,24.7999912381167,16.5999985694884
2024,2024-08-28,107,HE,20,4,11,20.3208285761374,24.4999915063376,16.2999988377094
2024,2024-08-28,107,HTI,20,1,1,20.7204820893495,26.1999998211861,15.6999993741512
2024,2024-08-28,107,HTI,20,2,5,21.0402733676547,26,16.1999989271163
2024,2024-08-28,107,HTI,20,3,8,20.8979113935179,25.0999909698958,16.5999985694884
2024,2024-08-28,107,HTI,20,4,12,19.7086763456668,23.3999924898143,16.2999988377094
2024,2024-08-29,108,AC,20,1,2,21.9295076934203,24.6999913275237,19.6999957978723
2024,2024-08-29,108,AC,20,2,4,22.2437445821858,26.099999910593,19.1999962449072
2024,2024-08-29,108,AC,20,3,9,22.2652719650828,26,19.2999961555002
2024,2024-08-29,108,AC,20,4,10,21.4482581236914,24.1999917745585,19.0999963343141
2024,2024-08-29,108,HE,20,1,3,22.3416608198232,25.799990344047,19.2999961555002
2024,2024-08-29,108,HE,20,2,6,22.4145774554458,25.89999025464,19.2999961555002
2024,2024-08-29,108,HE,20,3,7,21.8812441891677,25.2000007152558,19.2999961555002
2024,2024-08-29,108,HE,20,4,11,22.1069388416075,25.6000003576279,19.0999963343141
2024,2024-08-29,108,HTI,20,1,1,22.1673554884059,26.3999898076051,18.8999965131281
2024,2024-08-29,108,HTI,20,2,5,22.5885363845151,26.9999991059303,19.0999963343141
2024,2024-08-29,108,HTI,20,3,8,22.5552026029052,26.099999910593,19.5999958872793
2024,2024-08-29,108,HTI,20,4,12,21.2486055244171,23.7999921321864,19.1999962449072
2024,2024-08-30,109,AC,20,1,2,20.58645333865,21.7999939203259,19.3999960660932
2024,2024-08-30,109,AC,20,2,4,20.6013838808567,22.5999932050701,18.9999964237211
2024,2024-08-30,109,AC,20,3,9,20.7618004040996,22.5999932050701,19.2999961555002
2024,2024-08-30,109,AC,20,4,10,20.200689794661,21.3999942779538,19.0999963343141
2024,2024-08-30,109,HE,20,1,3,20.542008933942,22.299993473291,18.9999964237211
2024,2024-08-30,109,HE,20,2,6,20.7545087439522,22.7999930262562,19.0999963343141
2024,2024-08-30,109,HE,20,3,7,20.5708283526199,22.299993473291,19.0999963343141
2024,2024-08-30,109,HE,20,4,11,20.538883936736,22.099993652105,19.1999962449072
2024,2024-08-30,109,HTI,20,1,1,20.6003422151213,22.9999928474422,18.699996691942
2024,2024-08-30,109,HTI,20,2,5,20.6267310804167,22.6999931156631,18.8999965131281
2024,2024-08-30,109,HTI,20,3,8,20.7802031654241,22.399993383884,19.2999961555002
2024,2024-08-30,109,HTI,20,4,12,20.0659676928898,21.3999942779538,18.9999964237211
2024,2024-08-31,110,AC,20,1,2,20.4614534504088,22.8999929368492,18.3999969601629
2024,2024-08-31,110,AC,20,2,4,20.6558977210063,23.9999919533725,17.9999973177908
2024,2024-08-31,110,AC,20,3,9,20.6843699177724,23.8999920427795,18.1999971389769
2024,2024-08-31,110,AC,20,4,10,19.9541622372962,22.299993473291,17.9999973177908
2024,2024-08-31,110,HE,20,1,3,20.7058976763029,23.8999920427795,17.8999974071978
2024,2024-08-31,110,HE,20,2,6,20.6833282520371,23.5999923110004,17.9999973177908
2024,2024-08-31,110,HE,20,3,7,20.4239534839364,23.2999925792213,18.1999971389769
2024,2024-08-31,110,HE,20,4,11,20.4236062620246,23.2999925792213,17.9999973177908
2024,2024-08-31,110,HTI,20,1,1,20.6486060608589,24.3999915957446,17.6999975860117
2024,2024-08-31,110,HTI,20,2,5,20.9131891576363,24.6999913275237,17.8999974071978
2024,2024-08-31,110,HTI,20,3,8,20.8670086433694,23.8999920427795,18.2999970495699
2024,2024-08-31,110,HTI,20,4,12,19.8892317397931,22.199993562698,18.0999972283839
2024,2024-09-01,111,AC,20,1,2,21.9447856965782,25.3999907016749,18.9999964237211
2024,2024-09-01,111,AC,20,2,4,22.1538141411829,26.2999898970121,18.3999969601629
2024,2024-09-01,111,AC,20,3,9,22.1760366167249,26.1999998211861,18.599996781349
2024,2024-09-01,111,AC,20,4,10,21.1930500185321,24.2999916851516,18.499996870756
2024,2024-09-01,111,HE,20,1,3,22.473606102458,26.5999994635582,18.499996870756
2024,2024-09-01,111,HE,20,2,6,22.4131889775806,26.2999898970121,18.499996870756
2024,2024-09-01,111,HE,20,3,7,21.8399252255962,25.7000002682209,18.599996781349
2024,2024-09-01,111,HE,20,4,11,21.8447857859851,25.4999906122679,18.499996870756
2024,2024-09-01,111,HTI,20,1,1,22.2937451521553,26.9999991059303,18.0999972283839
2024,2024-09-01,111,HTI,20,2,5,22.5482591208275,27.0999990165233,18.3999969601629
2024,2024-09-01,111,HTI,20,3,8,22.506244381641,26.3999898076051,18.799996602535
2024,2024-09-01,111,HTI,20,4,12,21.3034665864785,24.4999915063376,18.599996781349
2024,2024-09-02,112,AC,20,1,2,23.8232580491856,26.6999993741512,21.3999942779538
2024,2024-09-02,112,AC,20,2,4,23.8885362466794,27.3999987483024,20.7999948143956
2024,2024-09-02,112,AC,20,3,9,24.0701334772835,27.4999986588954,21.0999945461747
2024,2024-09-02,112,AC,20,4,10,22.9972160283059,25.6000003576279,20.6999949038026
2024,2024-09-02,112,HE,20,1,3,24.4433977495669,28.0999981224536,21.0999945461747
2024,2024-09-02,112,HE,20,2,6,24.5663144429315,28.0999981224536,21.1999944567677
2024,2024-09-02,112,HE,20,3,7,23.6833274138467,26.8999991953372,20.8999947249886
2024,2024-09-02,112,HE,20,4,11,23.8427028177303,27.0999990165233,20.8999947249886
2024,2024-09-02,112,HTI,20,1,1,24.1854115276284,28.1999980330466,20.6999949038026
2024,2024-09-02,112,HTI,20,2,5,24.472564424305,28.6999975860117,20.8999947249886
2024,2024-09-02,112,HTI,20,3,8,24.4611059646222,27.8999983012675,21.2999943673607
2024,2024-09-02,112,HTI,20,4,12,23.1305494473209,25.7000002682209,20.8999947249886
2024,2024-09-03,113,AC,20,1,2,22.9295067993506,24.3999915957446,21.7999939203259
2024,2024-09-03,113,AC,20,2,4,22.6774236913974,23.9999919533725,21.1999944567677
2024,2024-09-03,113,AC,20,3,9,22.8517290911116,24.1999917745585,21.3999942779538
2024,2024-09-03,113,AC,20,4,10,22.3010351390264,23.4999924004073,21.1999944567677
2024,2024-09-03,113,HE,20,1,3,23.049645580827,24.3999915957446,21.4999941885468
2024,2024-09-03,113,HE,20,2,6,23.2100621040699,24.7999912381167,21.4999941885468
2024,2024-09-03,113,HE,20,3,7,22.8305485544929,24.1999917745585,21.2999943673607
2024,2024-09-03,113,HE,20,4,11,22.728812534341,24.0999918639655,21.3999942779538
2024,2024-09-03,113,HTI,20,1,1,22.8524235349351,24.4999915063376,20.9999946355817
2024,2024-09-03,113,HTI,20,2,5,22.8541596444941,24.2999916851516,21.2999943673607
2024,2024-09-03,113,HTI,20,3,8,23.1149233002419,24.5999914169306,21.6999940097328
2024,2024-09-03,113,HTI,20,4,12,22.4503405610923,23.4999924004073,21.1999944567677
2024,2024-09-04,114,AC,20,1,2,21.1510361672065,22.299993473291,20.1999953508374
2024,2024-09-04,114,AC,20,2,4,21.0520779223489,22.6999931156631,19.5999958872793
2024,2024-09-04,114,AC,20,3,9,20.9895779782282,22.399993383884,19.5999958872793
2024,2024-09-04,114,AC,20,4,10,20.873953081605,21.7999939203259,19.9999955296514
2024,2024-09-04,114,HE,20,1,3,21.0225640598474,22.5999932050701,19.4999959766862
2024,2024-09-04,114,HE,20,2,6,21.0704806836732,22.6999931156631,19.2999961555002
2024,2024-09-04,114,HE,20,3,7,21.2222166591217,22.6999931156631,19.9999955296514
2024,2024-09-04,114,HE,20,4,11,20.9489530145498,22.199993562698,19.7999957084653
2024,2024-09-04,114,HTI,20,1,1,20.9996474136699,22.9999928474422,19.3999960660932
2024,2024-09-04,114,HTI,20,2,5,20.9440919077849,22.5999932050701,19.4999959766862
2024,2024-09-04,114,HTI,20,3,8,21.1465222823534,22.299993473291,19.8999956190583
2024,2024-09-04,114,HTI,20,4,12,20.948605792638,22.199993562698,19.6999957978723
2024,2024-09-05,115,AC,20,1,2,21.2513832997114,24.6999913275237,18.699996691942
2024,2024-09-05,115,AC,20,2,4,21.4763836449216,25.6000003576279,18.2999970495699
2024,2024-09-05,115,AC,20,3,9,21.1104112035281,24.7999912381167,18.2999970495699
2024,2024-09-05,115,AC,20,4,10,20.6649254907127,23.1999926686283,18.699996691942
2024,2024-09-05,115,HE,20,1,3,21.3451335232288,25.2999907910818,18.0999972283839
2024,2024-09-05,115,HE,20,2,6,21.4933971429654,25.4999906122679,18.0999972283839
2024,2024-09-05,115,HE,20,3,7,21.1579806054422,24.4999915063376,18.599996781349
2024,2024-09-05,115,HE,20,4,11,21.0666612426437,24.4999915063376,18.3999969601629
2024,2024-09-05,115,HTI,20,1,1,21.3760361709318,25.6000003576279,18.0999972283839
2024,2024-09-05,115,HTI,20,2,5,21.4999951447047,25.7000002682209,18.1999971389769
2024,2024-09-05,115,HTI,20,3,8,21.3236054573619,24.7999912381167,18.499996870756
2024,2024-09-05,115,HTI,20,4,12,20.8760364130757,24.0999918639655,18.499996870756
2024,2024-09-06,116,AC,20,1,2,22.3538131086566,25.2999907910818,20.2999952614305
2024,2024-09-06,116,AC,20,2,4,22.2350633855699,25.89999025464,19.6999957978723
2024,2024-09-06,116,AC,20,3,9,22.1281187635532,25.3999907016749,19.7999957084653
2024,2024-09-06,116,AC,20,4,10,21.5058969610471,23.7999921321864,19.6999957978723
2024,2024-09-06,116,HE,20,1,3,22.4590219625993,26.2999898970121,19.7999957084653
2024,2024-09-06,116,HE,20,2,6,22.572216510731,26.6999993741512,19.8999956190583
2024,2024-09-06,116,HE,20,3,7,22.0288131601898,24.9999910593027,19.7999957084653
2024,2024-09-06,116,HE,20,4,11,22.0954801087368,25.2000007152558,19.7999957084653
2024,2024-09-06,116,HTI,20,1,1,22.1454804738152,26.099999910593,19.3999960660932
2024,2024-09-06,116,HTI,20,2,5,22.4725637196042,26.5999994635582,19.6999957978723
2024,2024-09-06,116,HTI,20,3,8,22.3541607062018,25.7000002682209,19.8999956190583
2024,2024-09-06,116,HTI,20,4,12,21.7065912260567,24.3999915957446,19.6999957978723
2024,2024-09-07,117,AC,20,1,2,21.9628409969513,24.7999912381167,19.8999956190583
2024,2024-09-07,117,AC,20,2,4,21.9527715615097,25.0999909698958,19.4999959766862
2024,2024-09-07,117,AC,20,3,9,21.917354926508,24.8999911487097,19.6999957978723
2024,2024-09-07,117,AC,20,4,10,21.3749943003055,23.3999924898143,19.6999957978723
2024,2024-09-07,117,HE,20,1,3,21.9638826626866,24.9999910593027,19.4999959766862
2024,2024-09-07,117,HE,20,2,6,21.9274243619496,24.8999911487097,19.4999959766862
2024,2024-09-07,117,HE,20,3,7,21.7624939538535,24.2999916851516,19.7999957084653
2024,2024-09-07,117,HE,20,4,11,21.6315912931119,24.1999917745585,19.5999958872793
2024,2024-09-07,117,HTI,20,1,1,21.839577218269,24.8999911487097,19.2999961555002
2024,2024-09-07,117,HTI,20,2,5,21.8333272238569,24.5999914169306,19.4999959766862
2024,2024-09-07,117,HTI,20,3,8,21.842702215475,24.2999916851516,19.6999957978723
2024,2024-09-07,117,HTI,20,4,12,21.4291609185434,23.6999922215934,19.6999957978723
2024,2024-09-08,118,AC,20,1,2,21.5819385597272,23.6999922215934,19.6999957978723
2024,2024-09-08,118,AC,20,2,4,21.6510357201717,24.4999915063376,18.9999964237211
2024,2024-09-08,118,AC,20,3,9,21.5111052897238,23.8999920427795,19.1999962449072
2024,2024-09-08,118,AC,20,4,10,21.224994434416,22.6999931156631,19.6999957978723
2024,2024-09-08,118,HE,20,1,3,21.5819385597272,24.3999915957446,18.799996602535
2024,2024-09-08,118,HE,20,2,6,21.5381885988427,24.6999913275237,18.3999969601629
2024,2024-09-08,118,HE,20,3,7,21.3055499179493,23.1999926686283,19.0999963343141
2024,2024-09-08,118,HE,20,4,11,21.4038137189833,23.6999922215934,19.2999961555002
2024,2024-09-08,118,HTI,20,1,1,21.328119342215,24.0999918639655,18.3999969601629
2024,2024-09-08,118,HTI,20,2,5,21.6697857034079,24.8999911487097,18.8999965131281
2024,2024-09-08,118,HTI,20,3,8,21.5524246972258,23.9999919533725,19.0999963343141
2024,2024-09-08,118,HTI,20,4,12,20.7635365136585,22.199993562698,18.599996781349
2025,2025-05-19,12,AC,20,2,4,16.075,16.9,15.3
2025,2025-05-19,12,HB,20,1,1,15.925,16.8,15.1
2025,2025-05-20,13,AC,20,1,2,20.4386363636364,21.5,18.1
2025,2025-05-20,13,AC,20,2,4,17.4069892473118,24.5,12.1
2025,2025-05-20,13,AC,20,3,9,20.2261363636364,21.6,17.7
2025,2025-05-20,13,AC,20,4,10,20.1772727272727,20.9,18.3
2025,2025-05-20,13,HB,20,1,1,17.1225806451613,26.1,12
2025,2025-05-20,13,HB,20,2,5,19.5472527472528,23.8,17.5
2025,2025-05-20,13,HB,20,4,12,20.476404494382,21.9,17.6
2025,2025-05-20,13,HTI,20,1,3,20.0897727272727,21.6,17.2
2025,2025-05-20,13,HTI,20,2,6,20.5522727272727,21.8,18
2025,2025-05-20,13,HTI,20,3,7,20.3943181818182,21.8,17.6
2025,2025-05-20,13,HTI,20,4,11,18.4483146067416,19.7,16.2
2025,2025-05-21,14,AC,20,1,2,16.8694444444444,19.1,14.3
2025,2025-05-21,14,AC,20,2,4,16.9326388888889,19.2,14.3
2025,2025-05-21,14,AC,20,3,9,16.7256944444444,19.3,13.9
2025,2025-05-21,14,AC,20,4,10,16.8326388888889,19,14.3
2025,2025-05-21,14,HB,20,1,1,16.7513888888889,18.9,14.4
2025,2025-05-21,14,HB,20,2,5,16.265625,18.3,13.9
2025,2025-05-21,14,HB,20,4,12,16.78125,19.6,13.7
2025,2025-05-21,14,HTI,20,1,3,16.4864583333333,19.5,13.3
2025,2025-05-21,14,HTI,20,2,6,16.9045138888889,19.5,13.9
2025,2025-05-21,14,HTI,20,3,7,17.0680555555556,19.9,13.8
2025,2025-05-21,14,HTI,20,4,11,15.6760416666667,18,13
2025,2025-05-22,15,AC,20,1,2,15.5947916666667,17.9,13.3
2025,2025-05-22,15,AC,20,2,4,15.8868055555556,18.1,13.7
2025,2025-05-22,15,AC,20,3,9,15.5857638888889,18.2,13.1
2025,2025-05-22,15,AC,20,4,10,15.6850694444444,17.8,13.5
2025,2025-05-22,15,HB,20,1,1,15.5770833333333,17.5,13.7
2025,2025-05-22,15,HB,20,2,5,15.0284722222222,17.1,13
2025,2025-05-22,15,HB,20,4,12,15.6059027777778,18.6,12.8
2025,2025-05-22,15,HTI,20,1,3,15.3527777777778,18.3,12.7
2025,2025-05-22,15,HTI,20,2,6,15.6305555555556,18.3,13.1
2025,2025-05-22,15,HTI,20,3,7,15.8666666666667,18.9,13.1
2025,2025-05-22,15,HTI,20,4,11,14.4913194444445,17,12.2
2025,2025-05-23,16,AC,20,1,2,13.9722222222222,15.6,12
2025,2025-05-23,16,AC,20,2,4,14.2190972222222,15.7,12.3
2025,2025-05-23,16,AC,20,3,9,13.8899305555556,15.7,11.7
2025,2025-05-23,16,AC,20,4,10,14.1302083333333,15.6,12.3
2025,2025-05-23,16,HB,20,1,1,14.0663194444444,15.4,12.5
2025,2025-05-23,16,HB,20,2,5,13.5409722222222,15.1,11.7
2025,2025-05-23,16,HB,20,4,12,13.8440972222222,16,11.4
2025,2025-05-23,16,HTI,20,1,3,13.6555555555556,15.8,11.3
2025,2025-05-23,16,HTI,20,2,6,13.9302083333333,15.8,11.6
2025,2025-05-23,16,HTI,20,3,7,14.1576388888889,16.2,11.7
2025,2025-05-23,16,HTI,20,4,11,12.9222222222222,14.8,10.7
2025,2025-05-24,17,AC,20,1,2,12.9725694444444,14.1,11.2
2025,2025-05-24,17,AC,20,2,4,13.1260416666667,14.4,11.3
2025,2025-05-24,17,AC,20,3,9,12.828125,14.1,10.9
2025,2025-05-24,17,AC,20,4,10,13.0444444444444,14.2,11.4
2025,2025-05-24,17,HB,20,1,1,13.0760416666666,14.1,11.5
2025,2025-05-24,17,HB,20,2,5,12.6065972222222,13.7,10.9
2025,2025-05-24,17,HB,20,4,12,12.8774305555555,14.4,10.7
2025,2025-05-24,17,HTI,20,1,3,12.7552083333333,14.3,10.6
2025,2025-05-24,17,HTI,20,2,6,12.8916666666666,14.3,10.9
2025,2025-05-24,17,HTI,20,3,7,13.103125,14.7,10.9
2025,2025-05-24,17,HTI,20,4,11,12.1923611111111,13.5,10.2
2025,2025-05-25,18,AC,20,1,2,15.4451388888889,17.2,14.1
2025,2025-05-25,18,AC,20,2,4,15.5059027777778,17.4,14.1
2025,2025-05-25,18,AC,20,3,9,15.3701388888889,17.3,13.9
2025,2025-05-25,18,AC,20,4,10,15.2392361111111,17,14
2025,2025-05-25,18,HB,20,1,1,15.2701388888889,17,14
2025,2025-05-25,18,HB,20,2,5,15.0409722222222,16.8,13.7
2025,2025-05-25,18,HB,20,4,12,15.646875,17.8,14.1
2025,2025-05-25,18,HTI,20,1,3,15.4934027777778,17.6,14
2025,2025-05-25,18,HTI,20,2,6,15.5402777777778,17.5,14
2025,2025-05-25,18,HTI,20,3,7,15.8315972222222,17.9,14.2
2025,2025-05-25,18,HTI,20,4,11,14.9284722222222,16.7,13.5
2025,2025-05-26,19,AC,20,1,2,16.2451388888889,18.9,13.8
2025,2025-05-26,19,AC,20,2,4,16.5121527777778,19.4,13.8
2025,2025-05-26,19,AC,20,3,9,16.1725694444444,19,13.6
2025,2025-05-26,19,AC,20,4,10,16.0934027777778,18.9,13.6
2025,2025-05-26,19,HB,20,1,1,16.0847222222222,18.7,13.8
2025,2025-05-26,19,HB,20,2,5,15.8111111111111,18.2,13.7
2025,2025-05-26,19,HB,20,4,12,16.39375,19.6,13.6
2025,2025-05-26,19,HTI,20,1,3,16.1145833333333,19.1,13.5
2025,2025-05-26,19,HTI,20,2,6,16.2902777777778,19.1,13.7
2025,2025-05-26,19,HTI,20,3,7,16.8121527777778,20.2,13.7
2025,2025-05-26,19,HTI,20,4,11,15.4454861111111,17.8,13.2
2025,2025-05-27,20,AC,20,1,2,15.3486111111111,16.6,14.3
2025,2025-05-27,20,AC,20,2,4,15.5604166666667,17,14.5
2025,2025-05-27,20,AC,20,3,9,15.178125,16.4,14
2025,2025-05-27,20,AC,20,4,10,15.3447916666666,16.8,14.3
2025,2025-05-27,20,HB,20,1,1,15.3871527777778,16.7,14.4
2025,2025-05-27,20,HB,20,2,5,15.009375,16.2,14
2025,2025-05-27,20,HB,20,4,12,15.2909722222222,16.6,14
2025,2025-05-27,20,HTI,20,1,3,15.1076388888889,16.4,13.9
2025,2025-05-27,20,HTI,20,2,6,15.2722222222222,16.4,14.1
2025,2025-05-27,20,HTI,20,3,7,15.6024305555556,17,14.3
2025,2025-05-27,20,HTI,20,4,11,14.5899305555555,15.8,13.5
2025,2025-05-28,21,AC,20,1,2,16.1670138888889,17.9,14.9
2025,2025-05-28,21,AC,20,2,4,16.1305555555556,17.9,14.8
2025,2025-05-28,21,AC,20,3,9,16.0840277777778,18,14.7
2025,2025-05-28,21,AC,20,4,10,15.8982638888889,17.6,14.7
2025,2025-05-28,21,HB,20,1,1,15.9347222222222,17.5,14.8
2025,2025-05-28,21,HB,20,2,5,15.8121527777778,17.4,14.6
2025,2025-05-28,21,HB,20,4,12,16.2864583333333,18.4,14.8
2025,2025-05-28,21,HTI,20,1,3,16.1045138888889,18.1,14.6
2025,2025-05-28,21,HTI,20,2,6,16.2177083333333,18.1,14.9
2025,2025-05-28,21,HTI,20,3,7,16.45625,18.5,14.6
2025,2025-05-28,21,HTI,20,4,11,15.6715277777778,17.4,14.4
2025,2025-05-29,22,AC,20,1,2,14.6260416666667,16.4,12.6
2025,2025-05-29,22,AC,20,2,4,14.4975694444444,16.5,12.3
2025,2025-05-29,22,AC,20,3,9,14.5024305555556,16.5,12.3
2025,2025-05-29,22,AC,20,4,10,14.3559027777778,16.2,12.4
2025,2025-05-29,22,HB,20,1,1,14.4899305555555,16.2,12.6
2025,2025-05-29,22,HB,20,2,5,14.3829861111111,16.1,12.6
2025,2025-05-29,22,HB,20,4,12,14.6475694444444,16.7,12.2
2025,2025-05-29,22,HTI,20,1,3,14.5173611111111,16.6,12.1
2025,2025-05-29,22,HTI,20,2,6,14.6236111111111,16.6,12.4
2025,2025-05-29,22,HTI,20,3,7,14.7170138888889,16.9,12.2
2025,2025-05-29,22,HTI,20,4,11,14.1875,16,12.1
2025,2025-05-30,23,AC,20,1,2,17.5215277777778,20.5,15.3
2025,2025-05-30,23,AC,20,2,4,17.4732638888889,20.4,15.3
2025,2025-05-30,23,AC,20,3,9,17.5350694444444,20.7,15.1
2025,2025-05-30,23,AC,20,4,10,17.0934027777778,19.9,15
2025,2025-05-30,23,HB,20,1,1,17.1944444444445,20,15.2
2025,2025-05-30,23,HB,20,2,5,17.0715277777778,19.9,15.1
2025,2025-05-30,23,HB,20,4,12,17.8534722222222,21.4,15.3
2025,2025-05-30,23,HTI,20,1,3,17.6079861111111,21,15.2
2025,2025-05-30,23,HTI,20,2,6,17.6114583333333,20.8,15.3
2025,2025-05-30,23,HTI,20,3,7,17.8711805555556,21,15.4
2025,2025-05-30,23,HTI,20,4,11,16.959375,19.6,14.9
2025,2025-05-31,24,AC,20,1,2,19.5746527777778,24.1,15.3
2025,2025-05-31,24,AC,20,2,4,19.3836805555556,23.6,15.1
2025,2025-05-31,24,AC,20,3,9,19.5975694444444,24.3,15
2025,2025-05-31,24,AC,20,4,10,18.9857638888889,23.1,15
2025,2025-05-31,24,HB,20,1,1,18.9458333333333,22.8,15.2
2025,2025-05-31,24,HB,20,2,5,18.9388888888889,22.9,15.2
2025,2025-05-31,24,HB,20,4,12,19.9756944444444,25.1,15
2025,2025-05-31,24,HTI,20,1,3,19.4513888888889,24.2,14.9
2025,2025-05-31,24,HTI,20,2,6,19.5611111111111,24.1,15.2
2025,2025-05-31,24,HTI,20,3,7,19.8003472222222,24.3,15
2025,2025-05-31,24,HTI,20,4,11,18.6659722222222,22.4,14.7
2025,2025-06-01,25,AC,20,1,2,19.0295138888889,21.3,17.2
2025,2025-06-01,25,AC,20,2,4,18.8927083333333,21.1,17
2025,2025-06-01,25,AC,20,3,9,18.9677083333333,21.1,16.9
2025,2025-06-01,25,AC,20,4,10,18.6166666666667,21,16.9
2025,2025-06-01,25,HB,20,1,1,18.7059027777778,20.8,17
2025,2025-06-01,25,HB,20,2,5,18.7253472222222,20.8,17.1
2025,2025-06-01,25,HB,20,4,12,19.1135416666667,21.3,16.8
2025,2025-06-01,25,HTI,20,1,3,18.7739583333333,20.9,16.6
2025,2025-06-01,25,HTI,20,2,6,19.0138888888889,21.1,17
2025,2025-06-01,25,HTI,20,3,7,19.0472222222222,21.1,16.7
2025,2025-06-01,25,HTI,20,4,11,18.3118055555556,20.2,16.3
2025,2025-06-02,26,AC,20,1,2,17.178125,20.4,14.3
2025,2025-06-02,26,AC,20,2,4,16.9493055555556,20,14.2
2025,2025-06-02,26,AC,20,3,9,17.0881944444444,20.6,13.9
2025,2025-06-02,26,AC,20,4,10,16.7621527777778,19.7,14.1
2025,2025-06-02,26,HB,20,1,1,16.8204861111111,19.6,14.3
2025,2025-06-02,26,HB,20,2,5,16.7809027777778,19.5,14.3
2025,2025-06-02,26,HB,20,4,12,17.2069444444444,21.1,13.8
2025,2025-06-02,26,HTI,20,1,3,16.8979166666667,20.6,13.8
2025,2025-06-02,26,HTI,20,2,6,17.0836805555556,20.4,14.1
2025,2025-06-02,26,HTI,20,3,7,17.0722222222222,20.2,14
2025,2025-06-02,26,HTI,20,4,11,16.23125,18.6,13.8
2025,2025-06-03,27,AC,20,1,2,17.6694444444444,21.2,14
2025,2025-06-03,27,AC,20,2,4,17.5145833333334,20.9,13.9
2025,2025-06-03,27,AC,20,3,9,17.5527777777778,21.4,13.5
2025,2025-06-03,27,AC,20,4,10,17.2506944444445,20.5,13.9
2025,2025-06-03,27,HB,20,1,1,17.290625,20.4,14.1
2025,2025-06-03,27,HB,20,2,5,17.1163194444444,20.2,13.9
2025,2025-06-03,27,HB,20,4,12,17.6430555555556,21.8,13.3
2025,2025-06-03,27,HTI,20,1,3,17.3979166666667,21.4,13.3
2025,2025-06-03,27,HTI,20,2,6,17.5239583333333,21.3,13.6
2025,2025-06-03,27,HTI,20,3,7,17.68125,21.5,13.5
2025,2025-06-03,27,HTI,20,4,11,16.45,19.6,13.1
2025,2025-06-04,28,AC,20,1,2,17.8621527777778,19.3,16.7
2025,2025-06-04,28,AC,20,2,4,17.8454861111111,19,16.8
2025,2025-06-04,28,AC,20,3,9,17.8125,19.5,16.5
2025,2025-06-04,28,AC,20,4,10,17.575,18.7,16.5
2025,2025-06-04,28,HB,20,1,1,17.6628472222222,18.8,16.6
2025,2025-06-04,28,HB,20,2,5,17.50625,18.7,16.5
2025,2025-06-04,28,HB,20,4,12,17.7545138888889,19.7,16.3
2025,2025-06-04,28,HTI,20,1,3,17.7020833333333,19.4,16.4
2025,2025-06-04,28,HTI,20,2,6,17.7763888888889,19.4,16.5
2025,2025-06-04,28,HTI,20,3,7,17.8934027777778,19.4,16.7
2025,2025-06-04,28,HTI,20,4,11,16.7954861111111,18.1,15.7
2025,2025-06-05,29,AC,20,1,2,16.3194444444445,17.9,14.7
2025,2025-06-05,29,AC,20,2,4,16.2545138888889,17.6,14.8
2025,2025-06-05,29,AC,20,3,9,16.2458333333333,18.1,14.4
2025,2025-06-05,29,AC,20,4,10,16.1055555555556,17.5,14.6
2025,2025-06-05,29,HB,20,1,1,16.2190972222222,17.5,14.8
2025,2025-06-05,29,HB,20,2,5,16.0913194444444,17.4,14.6
2025,2025-06-05,29,HB,20,4,12,16.2472222222222,18.4,14.1
2025,2025-06-05,29,HTI,20,1,3,16.1461805555556,18,14.3
2025,2025-06-05,29,HTI,20,2,6,16.2864583333333,18.1,14.4
2025,2025-06-05,29,HTI,20,3,7,16.2982638888889,17.9,14.5
2025,2025-06-05,29,HTI,20,4,11,15.6079861111111,17.3,13.8
2025,2025-06-06,30,AC,20,1,2,16.888,18.2,15.5
2025,2025-06-06,30,AC,20,2,4,16.6485507246377,17.7,15.5
2025,2025-06-06,30,AC,20,3,9,16.8507299270073,18.4,15.3
2025,2025-06-06,30,AC,20,4,10,16.5181818181818,17.7,15.3
2025,2025-06-06,30,HB,20,1,1,16.6467391304348,17.8,15.5
2025,2025-06-06,30,HB,20,2,5,16.5018181818182,17.6,15.4
2025,2025-06-06,30,HB,20,4,12,16.8985454545455,18.5,15.3
2025,2025-06-06,30,HTI,20,1,3,16.6724637681159,18.1,15.2
2025,2025-06-06,30,HTI,20,2,6,16.8403636363636,18.2,15.4
2025,2025-06-06,30,HTI,20,3,7,16.932,18.3,15.5
2025,2025-06-06,30,HTI,20,4,11,16.2306569343066,17.3,15
2025,2025-06-07,31,AC,20,1,2,16.1315972222222,17.3,14.9
2025,2025-06-07,31,AC,20,2,4,15.90625,17,14.7
2025,2025-06-07,31,AC,20,3,9,16.0864583333334,17.5,14.7
2025,2025-06-07,31,AC,20,4,10,15.7840277777778,16.9,14.6
2025,2025-06-07,31,HB,20,1,1,15.9559027777778,17,14.9
2025,2025-06-07,31,HB,20,2,5,15.8625,16.8,14.8
2025,2025-06-07,31,HB,20,4,12,16.1506944444445,17.8,14.6
2025,2025-06-07,31,HTI,20,1,3,15.9746527777778,17.5,14.6
2025,2025-06-07,31,HTI,20,2,6,16.1013888888889,17.4,14.8
2025,2025-06-07,31,HTI,20,3,7,16.0881944444445,17.4,14.8
2025,2025-06-07,31,HTI,20,4,11,15.56875,16.7,14.4
2025,2025-06-08,32,AC,20,1,2,15.4121527777778,16.4,14.3
2025,2025-06-08,32,AC,20,2,4,15.1385416666667,15.9,14.1
2025,2025-06-08,32,AC,20,3,9,15.3565972222222,16.5,14.1
2025,2025-06-08,32,AC,20,4,10,15.1059027777778,15.9,14.1
2025,2025-06-08,32,HB,20,1,1,15.246875,16,14.4
2025,2025-06-08,32,HB,20,2,5,15.1128472222222,15.9,14.2
2025,2025-06-08,32,HB,20,4,12,15.3927083333333,16.7,14.1
2025,2025-06-08,32,HTI,20,1,3,15.1684027777778,16.3,13.9
2025,2025-06-08,32,HTI,20,2,6,15.3177083333333,16.2,14.2
2025,2025-06-08,32,HTI,20,3,7,15.2916666666667,16.3,14.1
2025,2025-06-08,32,HTI,20,4,11,14.8284722222222,15.6,13.8
2025,2025-06-09,33,AC,20,1,2,15.4055555555556,17.5,13.3
2025,2025-06-09,33,AC,20,2,4,15.1708333333333,17.2,13.1
2025,2025-06-09,33,AC,20,3,9,15.4548611111111,17.9,13
2025,2025-06-09,33,AC,20,4,10,15.04375,17,13.1
2025,2025-06-09,33,HB,20,1,1,15.2006944444445,17.1,13.4
2025,2025-06-09,33,HB,20,2,5,15.0340277777778,16.9,13.2
2025,2025-06-09,33,HB,20,4,12,15.5354166666667,18.2,12.9
2025,2025-06-09,33,HTI,20,1,3,15.3663194444444,17.9,12.9
2025,2025-06-09,33,HTI,20,2,6,15.4194444444444,17.7,13.2
2025,2025-06-09,33,HTI,20,3,7,15.46875,17.6,13.2
2025,2025-06-09,33,HTI,20,4,11,14.8770833333333,16.8,12.9
2025,2025-06-10,34,AC,20,1,2,15.4295138888889,16.5,14.6
2025,2025-06-10,34,AC,20,2,4,15.3038194444445,16.3,14.5
2025,2025-06-10,34,AC,20,3,9,15.4395833333333,16.8,14.5
2025,2025-06-10,34,AC,20,4,10,15.1090277777778,16.1,14.3
2025,2025-06-10,34,HB,20,1,1,15.26875,16.1,14.6
2025,2025-06-10,34,HB,20,2,5,15.2267361111111,16.2,14.5
2025,2025-06-10,34,HB,20,4,12,15.5100694444444,17.2,14.4
2025,2025-06-10,34,HTI,20,1,3,15.3944444444445,16.9,14.4
2025,2025-06-10,34,HTI,20,2,6,15.4934027777778,16.8,14.6
2025,2025-06-10,34,HTI,20,3,7,15.4263888888889,16.5,14.6
2025,2025-06-10,34,HTI,20,4,11,14.98125,16.1,14.2
2025,2025-06-11,35,AC,20,1,2,16.1527777777778,19.7,12.7
2025,2025-06-11,35,AC,20,2,4,15.525,18.6,12.5
2025,2025-06-11,35,AC,20,3,9,16.1243055555556,20,12.4
2025,2025-06-11,35,AC,20,4,10,15.5875,18.7,12.6
2025,2025-06-11,35,HB,20,1,1,15.6041666666667,18.6,12.8
2025,2025-06-11,35,HB,20,2,5,15.4479166666667,18.4,12.7
2025,2025-06-11,35,HB,20,4,12,16.2868055555556,20.6,12.2
2025,2025-06-11,35,HTI,20,1,3,15.8798611111111,19.8,12.2
2025,2025-06-11,35,HTI,20,2,6,15.8756944444444,19.3,12.6
2025,2025-06-11,35,HTI,20,3,7,15.9274305555556,19.1,12.5
2025,2025-06-11,35,HTI,20,4,11,15.4111111111111,18.5,12.4
2025,2025-06-12,36,AC,20,1,2,18.5076388888889,22.1,14.9
2025,2025-06-12,36,AC,20,2,4,17.628125,21,14.5
2025,2025-06-12,36,AC,20,3,9,18.4927083333333,22.6,14.5
2025,2025-06-12,36,AC,20,4,10,17.7354166666667,21,14.6
2025,2025-06-12,36,HB,20,1,1,17.6826388888889,20.7,14.8
2025,2025-06-12,36,HB,20,2,5,17.4434027777778,20.8,14.6
2025,2025-06-12,36,HB,20,4,12,18.7628472222222,23.3,14.5
2025,2025-06-12,36,HTI,20,1,3,18.2506944444444,22.6,14.3
2025,2025-06-12,36,HTI,20,2,6,17.9927083333333,21.7,14.5
2025,2025-06-12,36,HTI,20,3,7,18.2305555555556,21.7,14.6
2025,2025-06-12,36,HTI,20,4,11,17.35,20.6,14.2
2025,2025-06-13,37,AC,20,1,2,21.75,24.9,18.7
2025,2025-06-13,37,AC,20,2,4,21.078125,23.9,18.4
2025,2025-06-13,37,AC,20,3,9,21.8597222222222,25.2,18.6
2025,2025-06-13,37,AC,20,4,10,20.8576388888889,23.8,18.1
2025,2025-06-13,37,HB,20,1,1,20.7520833333333,23.6,18.1
2025,2025-06-13,37,HB,20,2,5,20.8607638888889,23.8,18.2
2025,2025-06-13,37,HB,20,4,12,22.3451388888889,26.4,18.5
2025,2025-06-13,37,HTI,20,1,3,24.7916666666667,30.6,18.5
2025,2025-06-13,37,HTI,20,2,6,24.9170138888889,30.6,18.5
2025,2025-06-13,37,HTI,20,3,7,24.496875,29.6,18.6
2025,2025-06-13,37,HTI,20,4,11,22.8135416666667,27.7,17.7
2025,2025-06-14,38,AC,20,1,2,22.3815972222222,23.9,20.6
2025,2025-06-14,38,AC,20,2,4,21.7826388888889,22.9,20.4
2025,2025-06-14,38,AC,20,3,9,22.3701388888889,24.1,20.3
2025,2025-06-14,38,AC,20,4,10,21.5104166666667,22.7,20
2025,2025-06-14,38,HB,20,1,1,21.3868055555555,22.5,20
2025,2025-06-14,38,HB,20,2,5,21.721875,22.9,20.3
2025,2025-06-14,38,HB,20,4,12,22.7263888888889,24.5,20.6
2025,2025-06-14,38,HTI,20,1,3,29.1621527777777,31,27.1
2025,2025-06-14,38,HTI,20,2,6,29.7416666666667,31.3,28
2025,2025-06-14,38,HTI,20,3,7,28.8107638888889,30.3,27
2025,2025-06-14,38,HTI,20,4,11,26.4975694444444,27.9,24.8
2025,2025-06-15,39,AC,20,1,2,20.8336805555556,22.6,19.1
2025,2025-06-15,39,AC,20,2,4,20.1152777777778,21.5,18.7
2025,2025-06-15,39,AC,20,3,9,20.8961805555556,23.3,18.8
2025,2025-06-15,39,AC,20,4,10,20.0482638888889,21.5,18.6
2025,2025-06-15,39,HB,20,1,1,19.7861111111111,21.2,18.4
2025,2025-06-15,39,HB,20,2,5,20.2579861111111,21.8,18.8
2025,2025-06-15,39,HB,20,4,12,20.8086805555556,23.1,18.8
2025,2025-06-15,39,HTI,20,1,3,28.7930555555556,31.2,26.9
2025,2025-06-15,39,HTI,20,2,6,29.5638888888889,31.5,27.9
2025,2025-06-15,39,HTI,20,3,7,28.5385416666667,30.4,26.9
2025,2025-06-15,39,HTI,20,4,11,25.6277777777778,27.2,24.2
2025,2025-06-16,40,AC,20,1,2,20.1597222222222,22.4,17.8
2025,2025-06-16,40,AC,20,2,4,19.2774305555556,20.9,17.4
2025,2025-06-16,40,AC,20,3,9,20.2333333333333,22.6,17.6
2025,2025-06-16,40,AC,20,4,10,19.3,20.9,17.4
2025,2025-06-16,40,HB,20,1,1,19.0819444444444,20.8,17.2
2025,2025-06-16,40,HB,20,2,5,19.56875,21.3,17.6
2025,2025-06-16,40,HB,20,4,12,20.0086805555556,22.6,17.3
2025,2025-06-16,40,HTI,20,1,3,27.73125,29.5,26.1
2025,2025-06-16,40,HTI,20,2,6,28.6951388888889,30,27.8
2025,2025-06-16,40,HTI,20,3,7,27.8815972222222,28.9,26.7
2025,2025-06-16,40,HTI,20,4,11,24.909375,26.3,23.4
2025,2025-06-17,41,AC,20,1,2,20.3388888888889,23,17.4
2025,2025-06-17,41,AC,20,2,4,18.9815972222222,21.1,16.6
2025,2025-06-17,41,AC,20,3,9,20.1871527777778,23.1,16.8
2025,2025-06-17,41,AC,20,4,10,19.0586805555556,21.2,16.6
2025,2025-06-17,41,HB,20,1,1,18.9048611111111,21.1,16.5
2025,2025-06-17,41,HB,20,2,5,19.33125,21.5,17.1
2025,2025-06-17,41,HB,20,4,12,19.8878472222222,22.8,16.7
2025,2025-06-17,41,HTI,20,1,3,27.4947916666667,30.4,24.3
2025,2025-06-17,41,HTI,20,2,6,27.7114583333334,29.8,25.3
2025,2025-06-17,41,HTI,20,3,7,27.4638888888889,29.9,24.6
2025,2025-06-17,41,HTI,20,4,11,24.6138888888889,26.7,22.3
2025,2025-06-18,42,AC,20,1,2,20.9701388888889,23.4,18.4
2025,2025-06-18,42,AC,20,2,4,19.6645833333333,21.8,17.4
2025,2025-06-18,42,AC,20,3,9,21.1434027777778,24.2,17.8
2025,2025-06-18,42,AC,20,4,10,19.6802083333333,21.8,17.5
2025,2025-06-18,42,HB,20,1,1,19.4809027777778,21.5,17.3
2025,2025-06-18,42,HB,20,2,5,20.0517361111111,22.3,17.9
2025,2025-06-18,42,HB,20,4,12,20.5548611111111,23.5,17.6
2025,2025-06-18,42,HTI,20,1,3,29.2486111111111,32.5,26
2025,2025-06-18,42,HTI,20,2,6,29.1197916666667,31.7,26.6
2025,2025-06-18,42,HTI,20,3,7,29.2118055555556,31.6,26.6
2025,2025-06-18,42,HTI,20,4,11,25.678125,27.9,23.5
2025,2025-06-19,43,AC,20,1,2,20.8690972222222,22.7,18.6
2025,2025-06-19,43,AC,20,2,4,19.7302083333333,21.3,17.9
2025,2025-06-19,43,AC,20,3,9,21.1527777777778,23.4,18.5
2025,2025-06-19,43,AC,20,4,10,19.6479166666667,21.1,17.9
2025,2025-06-19,43,HB,20,1,1,19.4336805555555,20.9,17.7
2025,2025-06-19,43,HB,20,2,5,20.1305555555556,21.8,18.3
2025,2025-06-19,43,HB,20,4,12,20.4552083333333,22.7,18
2025,2025-06-19,43,HTI,20,1,3,30.2444444444444,32.8,27.6
2025,2025-06-19,43,HTI,20,2,6,30.2822916666667,32.3,28.2
2025,2025-06-19,43,HTI,20,3,7,30.1423611111111,32,28
2025,2025-06-19,43,HTI,20,4,11,26.1784722222222,27.8,24.4
2025,2025-06-20,44,AC,20,1,2,20.5850694444445,22.6,18.4
2025,2025-06-20,44,AC,20,2,4,19.4461805555556,21,17.8
2025,2025-06-20,44,AC,20,3,9,20.7427083333333,23,18.2
2025,2025-06-20,44,AC,20,4,10,19.2510416666667,20.7,17.6
2025,2025-06-20,44,HB,20,1,1,19.1934027777778,20.8,17.5
2025,2025-06-20,44,HB,20,2,5,19.6597222222222,21.2,18
2025,2025-06-20,44,HB,20,4,12,20.021875,22.3,17.7
2025,2025-06-20,44,HTI,20,1,3,28.2267361111111,31.1,25.1
2025,2025-06-20,44,HTI,20,2,6,29.0444444444444,31.4,27.4
2025,2025-06-20,44,HTI,20,3,7,28.5041666666667,30.9,25.9
2025,2025-06-20,44,HTI,20,4,11,25.1961805555556,26.7,23.7
2025,2025-06-21,45,AC,20,1,2,20.8822916666667,23.7,18.1
2025,2025-06-21,45,AC,20,2,4,19.5875,22.4,17
2025,2025-06-21,45,AC,20,3,9,21.0677083333333,24.4,17.6
2025,2025-06-21,45,AC,20,4,10,19.1847222222222,21.4,16.9
2025,2025-06-21,45,HB,20,1,1,19.3527777777778,21.8,16.9
2025,2025-06-21,45,HB,20,2,5,19.9229166666667,22.5,17.6
2025,2025-06-21,45,HB,20,4,12,20.3503472222222,23.4,17.4
2025,2025-06-21,45,HTI,20,1,3,28.2368055555556,31.5,25.1
2025,2025-06-21,45,HTI,20,2,6,28.4534722222222,31,26.1
2025,2025-06-21,45,HTI,20,3,7,28.4670138888889,31.1,25.7
2025,2025-06-21,45,HTI,20,4,11,25.1322916666667,27.3,23
2025,2025-06-22,46,AC,20,1,2,21.6097222222222,22.6,20.2
2025,2025-06-22,46,AC,20,2,4,20.8711805555555,21.9,19.6
2025,2025-06-22,46,AC,20,3,9,21.7305555555555,23,20
2025,2025-06-22,46,AC,20,4,10,19.9864583333333,21,18.8
2025,2025-06-22,46,HB,20,1,1,20.2510416666667,21.2,19.1
2025,2025-06-22,46,HB,20,2,5,20.9760416666667,22.1,19.7
2025,2025-06-22,46,HB,20,4,12,21.0416666666667,22.3,19.5
2025,2025-06-22,46,HTI,20,1,3,30.0600694444445,31.7,28.2
2025,2025-06-22,46,HTI,20,2,6,30.3489583333334,31.8,28.8
2025,2025-06-22,46,HTI,20,3,7,30.3041666666666,31.5,28.9
2025,2025-06-22,46,HTI,20,4,11,26.4777777777778,27.6,25.3
2025,2025-06-23,47,AC,20,1,2,20.4621527777778,21.7,19.7
2025,2025-06-23,47,AC,20,2,4,19.5423611111111,21.1,18.4
2025,2025-06-23,47,AC,20,3,9,20.2913194444445,21.7,19.3
2025,2025-06-23,47,AC,20,4,10,19.0388888888889,20.4,18.1
2025,2025-06-23,47,HB,20,1,1,19.1909722222222,20.4,18.3
2025,2025-06-23,47,HB,20,2,5,19.8711805555556,21.2,19.1
2025,2025-06-23,47,HB,20,4,12,19.7534722222222,21.1,18.8
2025,2025-06-23,47,HTI,20,1,3,28.0975694444444,30.4,25.8
2025,2025-06-23,47,HTI,20,2,6,28.9361111111111,31.1,27.6
2025,2025-06-23,47,HTI,20,3,7,28.3354166666667,30.8,26.7
2025,2025-06-23,47,HTI,20,4,11,25.2427083333333,26.8,24.3
2025,2025-06-24,48,AC,20,1,2,18.7409722222223,19.9,18
2025,2025-06-24,48,AC,20,2,4,17.8375,18.6,17.1
2025,2025-06-24,48,AC,20,3,9,18.3847222222222,19.3,17.5
2025,2025-06-24,48,AC,20,4,10,17.4253472222222,18.1,16.8
2025,2025-06-24,48,HB,20,1,1,17.6381944444445,18.3,17
2025,2025-06-24,48,HB,20,2,5,18.340625,19.1,17.7
2025,2025-06-24,48,HB,20,4,12,18.0986111111111,18.8,17.3
2025,2025-06-24,48,HTI,20,1,3,26.3819444444445,27.2,25.5
2025,2025-06-24,48,HTI,20,2,6,27.2048611111111,28,26.4
2025,2025-06-24,48,HTI,20,3,7,26.5336805555556,27.3,25.8
2025,2025-06-24,48,HTI,20,4,11,23.8857638888889,24.6,23.3
2025,2025-06-25,49,AC,20,1,2,19.9003472222222,22.2,18.3
2025,2025-06-25,49,AC,20,2,4,19.3055555555556,21.2,17.9
2025,2025-06-25,49,AC,20,3,9,19.9131944444445,22.3,18
2025,2025-06-25,49,AC,20,4,10,18.6545138888889,20.2,17.6
2025,2025-06-25,49,HB,20,1,1,18.803125,20.4,17.6
2025,2025-06-25,49,HB,20,2,5,19.4673611111111,21.4,18.1
2025,2025-06-25,49,HB,20,4,12,19.5986111111111,21.8,18
2025,2025-06-25,49,HTI,20,1,3,28.3788194444444,31,26.4
2025,2025-06-25,49,HTI,20,2,6,29.0909722222222,31.3,27.5
2025,2025-06-25,49,HTI,20,3,7,28.3947916666667,30.5,26.9
2025,2025-06-25,49,HTI,20,4,11,25.5836805555555,27.5,24.2
2025,2025-06-26,50,AC,20,1,2,20.3923611111111,21.6,19.7
2025,2025-06-26,50,AC,20,2,4,19.8486111111111,20.7,19.3
2025,2025-06-26,50,AC,20,3,9,20.35625,21.4,19.6
2025,2025-06-26,50,AC,20,4,10,19.190625,19.9,18.7
2025,2025-06-26,50,HB,20,1,1,19.30625,19.9,18.9
2025,2025-06-26,50,HB,20,2,5,19.9409722222222,20.8,19.4
2025,2025-06-26,50,HB,20,4,12,20.0131944444444,20.9,19.2
2025,2025-06-26,50,HTI,20,1,3,28.8392361111111,30.2,28
2025,2025-06-26,50,HTI,20,2,6,29.7375,30.9,29
2025,2025-06-26,50,HTI,20,3,7,28.6225694444444,30.1,27.6
2025,2025-06-26,50,HTI,20,4,11,26.1927083333333,27.1,25.4
2025,2025-06-27,51,AC,20,1,2,18.7951388888889,19.7,18
2025,2025-06-27,51,AC,20,2,4,18.4104166666667,19.3,17.6
2025,2025-06-27,51,AC,20,3,9,18.7583333333333,19.7,17.7
2025,2025-06-27,51,AC,20,4,10,17.921875,18.7,17.3
2025,2025-06-27,51,HB,20,1,1,18.103125,19,17.5
2025,2025-06-27,51,HB,20,2,5,18.5861111111111,19.4,17.8
2025,2025-06-27,51,HB,20,4,12,18.4920138888889,19.3,17.7
2025,2025-06-27,51,HTI,20,1,3,25.2208333333333,27.9,21.9
2025,2025-06-27,51,HTI,20,2,6,26.1430555555556,29,22.2
2025,2025-06-27,51,HTI,20,3,7,25.2142361111111,27.6,22
2025,2025-06-27,51,HTI,20,4,11,23.4142361111111,25.4,21
2025,2025-06-28,52,AC,20,1,2,19.61875,20.9,18.5
2025,2025-06-28,52,AC,20,2,4,19.3538194444445,20.6,18.2
2025,2025-06-28,52,AC,20,3,9,19.7329861111112,21.1,18.4
2025,2025-06-28,52,AC,20,4,10,18.6517361111111,19.7,17.8
2025,2025-06-28,52,HB,20,1,1,18.9045138888889,20,18
2025,2025-06-28,52,HB,20,2,5,19.3388888888889,20.5,18.3
2025,2025-06-28,52,HB,20,4,12,19.4444444444445,20.7,18.3
2025,2025-06-28,52,HTI,20,1,3,21.3253472222222,22.3,20.2
2025,2025-06-28,52,HTI,20,2,6,21.2815972222222,22.1,20.4
2025,2025-06-28,52,HTI,20,3,7,21.21875,21.9,20.4
2025,2025-06-28,52,HTI,20,4,11,20.2545138888889,20.9,19.5
2025,2025-06-29,53,AC,20,1,2,21.0003472222222,23,19.3
2025,2025-06-29,53,AC,20,2,4,20.3888888888889,21.8,19.1
2025,2025-06-29,53,AC,20,3,9,21.0517361111111,23.1,19.2
2025,2025-06-29,53,AC,20,4,10,19.6284722222222,20.7,18.7
2025,2025-06-29,53,HB,20,1,1,19.9059027777778,21.1,18.8
2025,2025-06-29,53,HB,20,2,5,20.4763888888889,22.1,19.1
2025,2025-06-29,53,HB,20,4,12,20.6451388888889,22.3,19.2
2025,2025-06-29,53,HTI,20,1,3,21.9152777777778,23.9,20.1
2025,2025-06-29,53,HTI,20,2,6,21.4826388888889,22.9,20.2
2025,2025-06-29,53,HTI,20,3,7,21.3913194444445,22.6,20.2
2025,2025-06-29,53,HTI,20,4,11,20.5131944444445,21.6,19.5
2025,2025-06-30,54,AC,20,1,2,21.5315972222222,23.9,19.4
2025,2025-06-30,54,AC,20,2,4,20.6107638888889,22.8,18.7
2025,2025-06-30,54,AC,20,3,9,21.4934027777778,24.2,19
2025,2025-06-30,54,AC,20,4,10,19.621875,21.1,18.2
2025,2025-06-30,54,HB,20,1,1,20.0479166666667,21.8,18.4
2025,2025-06-30,54,HB,20,2,5,20.7694444444445,22.8,19
2025,2025-06-30,54,HB,20,4,12,20.875,22.9,18.9
2025,2025-06-30,54,HTI,20,1,3,22.1329861111111,24.7,19.7
2025,2025-06-30,54,HTI,20,2,6,21.4836805555555,23.4,19.7
2025,2025-06-30,54,HTI,20,3,7,21.3565972222222,23.3,19.5
2025,2025-06-30,54,HTI,20,4,11,20.3354166666667,21.8,18.9
2025,2025-07-01,55,AC,20,1,2,22.6930555555555,24.9,20.7
2025,2025-07-01,55,AC,20,2,4,21.9479166666667,23.9,20.1
2025,2025-07-01,55,AC,20,3,9,22.8204861111111,25.2,20.5
2025,2025-07-01,55,AC,20,4,10,20.6604166666666,22.3,19.1
2025,2025-07-01,55,HB,20,1,1,21.0420138888889,22.8,19.5
2025,2025-07-01,55,HB,20,2,5,22.01875,23.8,20.3
2025,2025-07-01,55,HB,20,4,12,21.9996527777778,24,20
2025,2025-07-01,55,HTI,20,1,3,23.1027777777778,25.3,21.1
2025,2025-07-01,55,HTI,20,2,6,22.4802083333333,24.4,20.7
2025,2025-07-01,55,HTI,20,3,7,22.3892361111111,24.3,20.6
2025,2025-07-01,55,HTI,20,4,11,21.2375,22.9,19.6
2025,2025-07-02,56,AC,20,1,2,23.3232638888889,24.9,21.8
2025,2025-07-02,56,AC,20,2,4,22.365625,23.7,21.1
2025,2025-07-02,56,AC,20,3,9,23.2579861111111,25,21.6
2025,2025-07-02,56,AC,20,4,10,21.2222222222223,22.2,20.2
2025,2025-07-02,56,HB,20,1,1,21.6666666666667,22.8,20.5
2025,2025-07-02,56,HB,20,2,5,22.5361111111111,23.8,21.3
2025,2025-07-02,56,HB,20,4,12,22.4881944444445,23.8,21.3
2025,2025-07-02,56,HTI,20,1,3,23.4576388888889,25.2,21.8
2025,2025-07-02,56,HTI,20,2,6,22.9090277777778,24.2,21.7
2025,2025-07-02,56,HTI,20,3,7,22.8256944444445,24.1,21.6
2025,2025-07-02,56,HTI,20,4,11,21.740625,22.7,20.7
2025,2025-07-03,57,AC,20,1,2,21.0597222222222,23,19.6
2025,2025-07-03,57,AC,20,2,4,19.775,21.6,18.6
2025,2025-07-03,57,AC,20,3,9,20.6996527777777,22.4,19.2
2025,2025-07-03,57,AC,20,4,10,19.1913194444445,20.9,18.4
2025,2025-07-03,57,HB,20,1,1,19.3770833333333,21.1,18.5
2025,2025-07-03,57,HB,20,2,5,20.3427083333334,22,19.2
2025,2025-07-03,57,HB,20,4,12,20.0854166666666,21.7,19
2025,2025-07-03,57,HTI,20,1,3,20.8125,22.4,19.3
2025,2025-07-03,57,HTI,20,2,6,20.3628472222222,22.1,19.2
2025,2025-07-03,57,HTI,20,3,7,20.2607638888889,22,19.2
2025,2025-07-03,57,HTI,20,4,11,19.5006944444444,21.1,18.6
2025,2025-07-04,58,AC,20,1,2,19.7774305555555,21.2,18
2025,2025-07-04,58,AC,20,2,4,18.5076388888889,20,16.7
2025,2025-07-04,58,AC,20,3,9,19.2861111111111,20.7,17.4
2025,2025-07-04,58,AC,20,4,10,17.7947916666667,19,16.3
2025,2025-07-04,58,HB,20,1,1,17.90625,18.9,16.6
2025,2025-07-04,58,HB,20,2,5,19.0395833333334,20.3,17.4
2025,2025-07-04,58,HB,20,4,12,18.5663194444445,19.8,16.9
2025,2025-07-04,58,HTI,20,1,3,19.4913194444444,21,17.5
2025,2025-07-04,58,HTI,20,2,6,19.1045138888889,20.4,17.4
2025,2025-07-04,58,HTI,20,3,7,18.7958333333333,20,17.1
2025,2025-07-04,58,HTI,20,4,11,18.1770833333333,19.5,16.6
2025,2025-07-05,59,AC,20,1,2,19.125,20.4,18.5
2025,2025-07-05,59,AC,20,2,4,18.2569444444445,19,17.6
2025,2025-07-05,59,AC,20,3,9,18.7215277777778,19.7,18
2025,2025-07-05,59,AC,20,4,10,17.68125,18.4,17.1
2025,2025-07-05,59,HB,20,1,1,17.8076388888889,18.3,17.3
2025,2025-07-05,59,HB,20,2,5,18.6607638888889,19.5,18.1
2025,2025-07-05,59,HB,20,4,12,18.2961805555556,19,17.7
2025,2025-07-05,59,HTI,20,1,3,18.9552083333334,19.8,18.2
2025,2025-07-05,59,HTI,20,2,6,18.5381944444445,19.4,17.9
2025,2025-07-05,59,HTI,20,3,7,18.578125,19.2,17.9
2025,2025-07-05,59,HTI,20,4,11,18.009375,18.7,17.4
2025,2025-07-06,60,AC,20,1,2,18.6427083333333,19.2,18.4
2025,2025-07-06,60,AC,20,2,4,18.1857638888889,18.4,18
2025,2025-07-06,60,AC,20,3,9,18.4451388888889,18.9,18.3
2025,2025-07-06,60,AC,20,4,10,17.7468749999999,18,17.6
2025,2025-07-06,60,HB,20,1,1,17.8458333333334,18.1,17.7
2025,2025-07-06,60,HB,20,2,5,18.3621527777778,18.7,18.2
2025,2025-07-06,60,HB,20,4,12,18.2451388888888,18.5,18.1
2025,2025-07-06,60,HTI,20,1,3,18.6680555555555,19.1,18.4
2025,2025-07-06,60,HTI,20,2,6,18.4326388888889,18.7,18.2
2025,2025-07-06,60,HTI,20,3,7,18.5260416666667,18.8,18.4
2025,2025-07-06,60,HTI,20,4,11,17.9347222222222,18.2,17.8
2025,2025-07-07,61,AC,20,1,2,18.1111111111111,18.6,17.6
2025,2025-07-07,61,AC,20,2,4,17.5951388888889,18.1,16.8
2025,2025-07-07,61,AC,20,3,9,17.9739583333333,18.5,17.5
2025,2025-07-07,61,AC,20,4,10,17.3267361111111,17.7,16.7
2025,2025-07-07,61,HB,20,1,1,17.309375,17.8,16.6
2025,2025-07-07,61,HB,20,2,5,17.8229166666667,18.2,17.3
2025,2025-07-07,61,HB,20,4,12,17.8795138888889,18.3,17.3
2025,2025-07-07,61,HTI,20,1,3,18.1618055555556,18.8,17.5
2025,2025-07-07,61,HTI,20,2,6,17.9541666666667,18.4,17.3
2025,2025-07-07,61,HTI,20,3,7,17.9145833333333,18.4,17.1
2025,2025-07-07,61,HTI,20,4,11,17.3920138888889,17.8,16.7
2025,2025-07-08,62,AC,20,1,2,17.0732638888889,18,16.1
2025,2025-07-08,62,AC,20,2,4,16.2836805555556,17.1,15.4
2025,2025-07-08,62,AC,20,3,9,16.8965277777778,17.9,15.8
2025,2025-07-08,62,AC,20,4,10,16.1902777777778,16.8,15.4
2025,2025-07-08,62,HB,20,1,1,16.1225694444444,16.7,15.4
2025,2025-07-08,62,HB,20,2,5,16.703125,17.5,15.8
2025,2025-07-08,62,HB,20,4,12,16.7760416666667,17.5,15.9
2025,2025-07-08,62,HTI,20,1,3,16.9975694444445,18.1,15.9
2025,2025-07-08,62,HTI,20,2,6,16.6920138888889,17.4,15.8
2025,2025-07-08,62,HTI,20,3,7,16.6329861111111,17.4,15.8
2025,2025-07-08,62,HTI,20,4,11,16.1715277777777,16.7,15.5
2025,2025-07-09,63,AC,20,1,2,17.8253472222222,19.7,16.3
2025,2025-07-09,63,AC,20,2,4,17.0222222222222,18.7,15.6
2025,2025-07-09,63,AC,20,3,9,17.6920138888889,19.6,16.1
2025,2025-07-09,63,AC,20,4,10,16.7017361111111,17.9,15.6
2025,2025-07-09,63,HB,20,1,1,16.6645833333334,17.9,15.6
2025,2025-07-09,63,HB,20,2,5,17.2923611111111,18.8,16
2025,2025-07-09,63,HB,20,4,12,17.403125,19,16.1
2025,2025-07-09,63,HTI,20,1,3,17.8597222222222,19.9,16.1
2025,2025-07-09,63,HTI,20,2,6,17.4013888888889,19.1,16
2025,2025-07-09,63,HTI,20,3,7,17.3135416666666,18.7,16.1
2025,2025-07-09,63,HTI,20,4,11,16.7215277777778,18,15.6
2025,2025-07-10,64,AC,20,1,2,18.3357638888889,20.1,16.7
2025,2025-07-10,64,AC,20,2,4,17.4836805555555,19.2,15.8
2025,2025-07-10,64,AC,20,3,9,18.1458333333333,20,16.4
2025,2025-07-10,64,AC,20,4,10,16.9493055555556,18.4,15.6
2025,2025-07-10,64,HB,20,1,1,16.9996527777778,18.3,15.8
2025,2025-07-10,64,HB,20,2,5,17.7138888888889,19.3,16.2
2025,2025-07-10,64,HB,20,4,12,17.7670138888889,19.4,16.2
2025,2025-07-10,64,HTI,20,1,3,18.3982638888889,20.3,16.5
2025,2025-07-10,64,HTI,20,2,6,17.9399305555555,19.7,16.3
2025,2025-07-10,64,HTI,20,3,7,17.646875,19.2,16.1
2025,2025-07-10,64,HTI,20,4,11,17.1409722222222,18.7,15.6
2025,2025-07-11,65,AC,20,1,2,19.1361111111112,20.6,17.7
2025,2025-07-11,65,AC,20,2,4,18.3166666666667,19.7,17
2025,2025-07-11,65,AC,20,3,9,18.8958333333333,20.4,17.3
2025,2025-07-11,65,AC,20,4,10,17.6986111111111,18.8,16.5
2025,2025-07-11,65,HB,20,1,1,17.8138888888889,18.9,16.8
2025,2025-07-11,65,HB,20,2,5,18.5368055555555,19.9,17.2
2025,2025-07-11,65,HB,20,4,12,18.5798611111111,19.9,17.2
2025,2025-07-11,65,HTI,20,1,3,19.2597222222222,20.9,17.6
2025,2025-07-11,65,HTI,20,2,6,18.7600694444445,20.1,17.4
2025,2025-07-11,65,HTI,20,3,7,18.4913194444444,19.7,17.3
2025,2025-07-11,65,HTI,20,4,11,17.8638888888889,19,16.7
2025,2025-07-12,66,AC,20,1,2,19.8913194444444,21.7,18.3
2025,2025-07-12,66,AC,20,2,4,19.0024305555556,20.5,17.6
2025,2025-07-12,66,AC,20,3,9,19.5232638888889,21.2,17.9
2025,2025-07-12,66,AC,20,4,10,18.2704861111111,19.5,17.1
2025,2025-07-12,66,HB,20,1,1,21.2201388888889,25.9,17.4
2025,2025-07-12,66,HB,20,2,5,22.1927083333333,27,17.9
2025,2025-07-12,66,HB,20,4,12,23.0607638888889,28.3,17.9
2025,2025-07-12,66,HTI,20,1,3,19.9795138888889,21.8,18.2
2025,2025-07-12,66,HTI,20,2,6,19.3684027777778,20.8,18
2025,2025-07-12,66,HTI,20,3,7,19.1114583333333,20.4,17.9
2025,2025-07-12,66,HTI,20,4,11,18.3447916666667,19.4,17.2
2025,2025-07-13,67,AC,20,1,2,20.3493055555556,21.2,19.4
2025,2025-07-13,67,AC,20,2,4,19.6864583333334,20.6,18.8
2025,2025-07-13,67,AC,20,3,9,20.0124999999999,20.9,19.1
2025,2025-07-13,67,AC,20,4,10,18.9920138888889,19.9,18.2
2025,2025-07-13,67,HB,20,1,1,26.7482638888889,27.9,25.9
2025,2025-07-13,67,HB,20,2,5,27.6173611111112,28.8,26.8
2025,2025-07-13,67,HB,20,4,12,28.865625,30,28
2025,2025-07-13,67,HTI,20,1,3,20.4326388888889,21.5,19.4
2025,2025-07-13,67,HTI,20,2,6,19.8774305555555,20.8,19
2025,2025-07-13,67,HTI,20,3,7,19.75625,20.7,18.9
2025,2025-07-13,67,HTI,20,4,11,18.8607638888889,19.7,18.1
2025,2025-07-14,68,AC,20,1,2,20.1305555555556,21.2,19.1
2025,2025-07-14,68,AC,20,2,4,19.6364583333333,20.5,18.5
2025,2025-07-14,68,AC,20,3,9,19.8420138888889,20.9,18.7
2025,2025-07-14,68,AC,20,4,10,19.0920138888889,20.1,18
2025,2025-07-14,68,HB,20,1,1,27.0104166666667,27.7,26.2
2025,2025-07-14,68,HB,20,2,5,27.8815972222223,28.5,27.6
2025,2025-07-14,68,HB,20,4,12,28.5763888888889,29.7,27.3
2025,2025-07-14,68,HTI,20,1,3,20.1791666666667,21.3,19
2025,2025-07-14,68,HTI,20,2,6,19.8246527777778,20.8,18.7
2025,2025-07-14,68,HTI,20,3,7,19.6666666666667,20.6,18.6
2025,2025-07-14,68,HTI,20,4,11,18.9875,19.9,17.9
2025,2025-07-15,69,AC,20,1,2,19.4079861111111,20.5,18.9
2025,2025-07-15,69,AC,20,2,4,18.7065972222222,19.7,18.2
2025,2025-07-15,69,AC,20,3,9,19.115625,20,18.5
2025,2025-07-15,69,AC,20,4,10,18.4048611111111,19.3,17.9
2025,2025-07-15,69,HB,20,1,1,26.0697916666667,26.8,25.6
2025,2025-07-15,69,HB,20,2,5,26.6208333333334,27.5,26.1
2025,2025-07-15,69,HB,20,4,12,27.3763888888889,28.1,26.9
2025,2025-07-15,69,HTI,20,1,3,19.2305555555555,20.2,18.6
2025,2025-07-15,69,HTI,20,2,6,18.9722222222222,19.9,18.5
2025,2025-07-15,69,HTI,20,3,7,18.9475694444444,19.8,18.4
2025,2025-07-15,69,HTI,20,4,11,18.2559027777778,19.1,17.8
2025,2025-07-16,70,AC,20,1,2,18.4486111111111,19,17.7
2025,2025-07-16,70,AC,20,2,4,17.9013888888889,18.5,17.2
2025,2025-07-16,70,AC,20,3,9,18.3204861111111,19,17.5
2025,2025-07-16,70,AC,20,4,10,17.6940972222222,18.4,16.9
2025,2025-07-16,70,HB,20,1,1,24.8295138888889,25.6,24.5
2025,2025-07-16,70,HB,20,2,5,25.4381944444445,26.1,24.9
2025,2025-07-16,70,HB,20,4,12,26.5159722222222,27,25.8
2025,2025-07-16,70,HTI,20,1,3,18.4163194444445,19.2,17.5
2025,2025-07-16,70,HTI,20,2,6,18.1809027777778,18.8,17.4
2025,2025-07-16,70,HTI,20,3,7,18.1420138888889,18.7,17.4
2025,2025-07-16,70,HTI,20,4,11,17.5725694444445,18.2,16.9
2025,2025-07-17,71,AC,20,1,2,18.415625,19.8,17
2025,2025-07-17,71,AC,20,2,4,17.8777777777778,19.3,16.4
2025,2025-07-17,71,AC,20,3,9,18.2680555555556,19.7,16.8
2025,2025-07-17,71,AC,20,4,10,17.5961805555555,18.9,16.2
2025,2025-07-17,71,HB,20,1,1,24.5729166666667,25.7,23.5
2025,2025-07-17,71,HB,20,2,5,25.296875,26.6,24
2025,2025-07-17,71,HB,20,4,12,26.7052083333334,28.2,25.2
2025,2025-07-17,71,HTI,20,1,3,18.5333333333333,20.2,16.8
2025,2025-07-17,71,HTI,20,2,6,18.2565972222222,19.7,16.8
2025,2025-07-17,71,HTI,20,3,7,18.0434027777778,19.4,16.6
2025,2025-07-17,71,HTI,20,4,11,17.6027777777778,18.9,16.2
2025,2025-07-18,72,AC,20,1,2,18.9420138888889,21,17
2025,2025-07-18,72,AC,20,2,4,18.5128472222222,20.7,16.5
2025,2025-07-18,72,AC,20,3,9,18.7708333333333,20.8,16.8
2025,2025-07-18,72,AC,20,4,10,18.0055555555555,19.9,16.2
2025,2025-07-18,72,HB,20,1,1,25.3322916666667,27,23.8
2025,2025-07-18,72,HB,20,2,5,25.9427083333333,27.7,24.2
2025,2025-07-18,72,HB,20,4,12,27.5322916666666,29.5,25.6
2025,2025-07-18,72,HTI,20,1,3,19.1819444444444,21.5,17
2025,2025-07-18,72,HTI,20,2,6,18.8486111111111,20.9,16.9
2025,2025-07-18,72,HTI,20,3,7,18.5243055555555,20.5,16.6
2025,2025-07-18,72,HTI,20,4,11,18.0465277777778,19.9,16.3
2025,2025-07-19,73,AC,20,1,2,20.4659722222222,21.9,19
2025,2025-07-19,73,AC,20,2,4,20.1996527777778,21.7,18.7
2025,2025-07-19,73,AC,20,3,9,20.2451388888889,21.6,18.9
2025,2025-07-19,73,AC,20,4,10,19.5840277777778,21,18.2
2025,2025-07-19,73,HB,20,1,1,27.1833333333333,28.5,26
2025,2025-07-19,73,HB,20,2,5,27.6993055555556,29.2,26.3
2025,2025-07-19,73,HB,20,4,12,29.1902777777778,30.6,27.8
2025,2025-07-19,73,HTI,20,1,3,20.7135416666667,22.3,19.1
2025,2025-07-19,73,HTI,20,2,6,20.3579861111111,21.7,19
2025,2025-07-19,73,HTI,20,3,7,20.2059027777778,21.7,18.8
2025,2025-07-19,73,HTI,20,4,11,19.5065972222222,20.8,18.2
2025,2025-07-20,74,AC,20,1,2,20.9642361111111,21.8,20.2
2025,2025-07-20,74,AC,20,2,4,20.8475694444445,21.8,20
2025,2025-07-20,74,AC,20,3,9,20.7288194444444,21.6,20
2025,2025-07-20,74,AC,20,4,10,20.2440972222222,21.1,19.5
2025,2025-07-20,74,HB,20,1,1,28.3409722222223,29.1,27.7
2025,2025-07-20,74,HB,20,2,5,28.8166666666667,29.8,28.1
2025,2025-07-20,74,HB,20,4,12,30.0923611111111,31,29.4
2025,2025-07-20,74,HTI,20,1,3,21.21875,22.3,20.3
2025,2025-07-20,74,HTI,20,2,6,20.8944444444445,21.8,20.1
2025,2025-07-20,74,HTI,20,3,7,20.9041666666667,21.8,20.1
2025,2025-07-20,74,HTI,20,4,11,20.1253472222222,21,19.4
2025,2025-07-21,75,AC,20,1,2,19.884375,20.6,19
2025,2025-07-21,75,AC,20,2,4,19.7899305555556,20.6,18.7
2025,2025-07-21,75,AC,20,3,9,19.7722222222222,20.5,18.9
2025,2025-07-21,75,AC,20,4,10,19.1701388888889,19.9,18.3
2025,2025-07-21,75,HB,20,1,1,27.5052083333333,28.1,26.8
2025,2025-07-21,75,HB,20,2,5,27.9170138888888,28.5,27.1
2025,2025-07-21,75,HB,20,4,12,29.2850694444444,30,28.4
2025,2025-07-21,75,HTI,20,1,3,20.0586805555555,20.9,19
2025,2025-07-21,75,HTI,20,2,6,19.8958333333334,20.6,18.9
2025,2025-07-21,75,HTI,20,3,7,19.7295138888889,20.4,18.8
2025,2025-07-21,75,HTI,20,4,11,19.2815972222222,20,18.3
2025,2025-07-22,76,AC,20,1,2,19.2729166666667,19.8,18.6
2025,2025-07-22,76,AC,20,2,4,19.0729166666667,19.6,18.4
2025,2025-07-22,76,AC,20,3,9,19.2121527777778,19.8,18.6
2025,2025-07-22,76,AC,20,4,10,18.6305555555555,19.2,18
2025,2025-07-22,76,HB,20,1,1,27.0291666666667,27.5,26.6
2025,2025-07-22,76,HB,20,2,5,27.3385416666667,27.9,26.8
2025,2025-07-22,76,HB,20,4,12,28.909375,29.5,28.3
2025,2025-07-22,76,HTI,20,1,3,19.3375,20,18.6
2025,2025-07-22,76,HTI,20,2,6,19.2534722222222,19.8,18.6
2025,2025-07-22,76,HTI,20,3,7,19.1854166666667,19.8,18.5
2025,2025-07-22,76,HTI,20,4,11,18.7493055555556,19.4,18.1
2025,2025-07-23,77,AC,20,1,2,18.9989583333333,19.6,18.5
2025,2025-07-23,77,AC,20,2,4,18.8666666666667,19.6,18.3
2025,2025-07-23,77,AC,20,3,9,18.9256944444445,19.5,18.4
2025,2025-07-23,77,AC,20,4,10,18.4375,19.1,17.9
2025,2025-07-23,77,HB,20,1,1,27.0347222222222,27.4,26.7
2025,2025-07-23,77,HB,20,2,5,27.2159722222223,27.6,26.9
2025,2025-07-23,77,HB,20,4,12,28.9298611111111,29.5,28.5
2025,2025-07-23,77,HTI,20,1,3,19.053125,19.7,18.5
2025,2025-07-23,77,HTI,20,2,6,19.0111111111111,19.7,18.5
2025,2025-07-23,77,HTI,20,3,7,19.0385416666667,19.8,18.4
2025,2025-07-23,77,HTI,20,4,11,18.5197916666667,19.2,17.9
2025,2025-07-24,78,AC,20,1,2,19.1163194444445,20.8,17.5
2025,2025-07-24,78,AC,20,2,4,18.9489583333333,20.8,17.1
2025,2025-07-24,78,AC,20,3,9,18.9152777777778,20.6,17.3
2025,2025-07-24,78,AC,20,4,10,18.4305555555556,20,16.8
2025,2025-07-24,78,HB,20,1,1,26.9006944444445,28.1,25.6
2025,2025-07-24,78,HB,20,2,5,27.0916666666667,28.4,25.8
2025,2025-07-24,78,HB,20,4,12,28.9590277777778,30.6,27.3
2025,2025-07-24,78,HTI,20,1,3,19.2420138888889,21.2,17.4
2025,2025-07-24,78,HTI,20,2,6,19.1045138888889,20.8,17.4
2025,2025-07-24,78,HTI,20,3,7,19.0013888888889,20.8,17.2
2025,2025-07-24,78,HTI,20,4,11,18.5736111111111,20.3,16.8
2025,2025-07-25,79,AC,20,1,2,19.1586805555555,20.1,18.2
2025,2025-07-25,79,AC,20,2,4,18.9322916666667,19.8,17.9
2025,2025-07-25,79,AC,20,3,9,18.8923611111111,19.8,18
2025,2025-07-25,79,AC,20,4,10,18.4659722222222,19.3,17.5
2025,2025-07-25,79,HB,20,1,1,26.4086805555556,27.7,25.3
2025,2025-07-25,79,HB,20,2,5,26.5989583333333,27.9,25.4
2025,2025-07-25,79,HB,20,4,12,28.1878472222222,29.7,26.8
2025,2025-07-25,79,HTI,20,1,3,19.2524305555556,20.3,18.2
2025,2025-07-25,79,HTI,20,2,6,19.1284722222222,20,18.1
2025,2025-07-25,79,HTI,20,3,7,18.984375,20,17.9
2025,2025-07-25,79,HTI,20,4,11,18.5388888888889,19.4,17.5
2025,2025-07-26,80,AC,20,1,2,18.9756944444444,20.3,17.4
2025,2025-07-26,80,AC,20,2,4,18.734375,20.2,17
2025,2025-07-26,80,AC,20,3,9,18.7048611111111,20,17.2
2025,2025-07-26,80,AC,20,4,10,18.2930555555556,19.6,16.7
2025,2025-07-26,80,HB,20,1,1,26.1666666666667,27.2,24.9
2025,2025-07-26,80,HB,20,2,5,26.1465277777778,27.3,24.7
2025,2025-07-26,80,HB,20,4,12,27.8538194444444,29.2,26.2
2025,2025-07-26,80,HTI,20,1,3,19.1125,20.6,17.4
2025,2025-07-26,80,HTI,20,2,6,18.9506944444445,20.3,17.3
2025,2025-07-26,80,HTI,20,3,7,18.7888888888889,20.3,17
2025,2025-07-26,80,HTI,20,4,11,18.3871527777778,19.8,16.7
2025,2025-07-27,81,AC,20,1,2,19.1395833333333,19.7,18.6
2025,2025-07-27,81,AC,20,2,4,18.8829861111111,19.4,18.3
2025,2025-07-27,81,AC,20,3,9,18.9399305555556,19.5,18.4
2025,2025-07-27,81,AC,20,4,10,18.4829861111111,19.1,18
2025,2025-07-27,81,HB,20,1,1,26.4541666666666,26.8,26.1
2025,2025-07-27,81,HB,20,2,5,26.4142361111112,26.8,25.9
2025,2025-07-27,81,HB,20,4,12,28.2048611111111,28.7,27.6
2025,2025-07-27,81,HTI,20,1,3,19.2173611111111,19.8,18.5
2025,2025-07-27,81,HTI,20,2,6,19.0722222222222,19.6,18.5
2025,2025-07-27,81,HTI,20,3,7,19.0458333333333,19.6,18.4
2025,2025-07-27,81,HTI,20,4,11,18.5819444444444,19.1,18
2025,2025-07-28,82,AC,20,1,2,18.0288194444444,18.8,17
2025,2025-07-28,82,AC,20,2,4,17.6736111111111,18.5,16.6
2025,2025-07-28,82,AC,20,3,9,17.7809027777778,18.5,16.9
2025,2025-07-28,82,AC,20,4,10,17.3152777777778,18.1,16.3
2025,2025-07-28,82,HB,20,1,1,23.0982638888889,26.2,19.7
2025,2025-07-28,82,HB,20,2,5,22.9440972222222,26.1,19.7
2025,2025-07-28,82,HB,20,4,12,23.7225694444444,27.7,19.9
2025,2025-07-28,82,HTI,20,1,3,17.9979166666667,18.9,16.9
2025,2025-07-28,82,HTI,20,2,6,17.8826388888889,18.6,16.9
2025,2025-07-28,82,HTI,20,3,7,17.8225694444444,18.7,16.7
2025,2025-07-28,82,HTI,20,4,11,17.4486111111111,18.3,16.4
2025,2025-07-29,83,AC,20,1,2,18.1111111111111,19.5,16.8
2025,2025-07-29,83,AC,20,2,4,17.7454861111111,19.2,16.4
2025,2025-07-29,83,AC,20,3,9,17.7579861111111,19.1,16.6
2025,2025-07-29,83,AC,20,4,10,17.2923611111111,18.6,16.1
2025,2025-07-29,83,HB,20,1,1,19.0739583333333,19.9,18.2
2025,2025-07-29,83,HB,20,2,5,19.2256944444445,20.3,18.2
2025,2025-07-29,83,HB,20,4,12,19.5375,20.9,18.3
2025,2025-07-29,83,HTI,20,1,3,18.1520833333333,19.8,16.7
2025,2025-07-29,83,HTI,20,2,6,17.9565972222222,19.4,16.7
2025,2025-07-29,83,HTI,20,3,7,17.8399305555556,19.4,16.5
2025,2025-07-29,83,HTI,20,4,11,17.5131944444445,19,16.2
2025,2025-07-30,84,AC,20,1,2,17.8864583333334,19.3,16.4
2025,2025-07-30,84,AC,20,2,4,17.3496527777778,18.8,15.7
2025,2025-07-30,84,AC,20,3,9,17.2961805555556,18.4,16
2025,2025-07-30,84,AC,20,4,10,16.9267361111111,18.1,15.5
2025,2025-07-30,84,HB,20,1,1,18.1760416666667,19.2,16.9
2025,2025-07-30,84,HB,20,2,5,18.3607638888889,19.5,17
2025,2025-07-30,84,HB,20,4,12,18.5371527777778,19.9,17
2025,2025-07-30,84,HTI,20,1,3,17.8083333333333,19.3,16.2
2025,2025-07-30,84,HTI,20,2,6,17.5559027777778,18.8,16.1
2025,2025-07-30,84,HTI,20,3,7,17.3510416666667,18.8,15.7
2025,2025-07-30,84,HTI,20,4,11,17.0565972222222,18.4,15.5
2025,2025-07-31,85,AC,20,1,2,18.7847222222222,19.9,17.7
2025,2025-07-31,85,AC,20,2,4,18.3708333333333,19.6,17.2
2025,2025-07-31,85,AC,20,3,9,18.0930555555555,19.1,17.1
2025,2025-07-31,85,AC,20,4,10,17.9427083333333,19.1,16.8
2025,2025-07-31,85,HB,20,1,1,18.8756944444445,19.9,18
2025,2025-07-31,85,HB,20,2,5,19.0399305555555,20.1,18
2025,2025-07-31,85,HB,20,4,12,19.1236111111111,20.3,18.1
2025,2025-07-31,85,HTI,20,1,3,18.6861111111111,19.9,17.5
2025,2025-07-31,85,HTI,20,2,6,18.4520833333333,19.6,17.4
2025,2025-07-31,85,HTI,20,3,7,18.428125,19.7,17.2
2025,2025-07-31,85,HTI,20,4,11,17.9732638888889,19.2,16.8
2025,2025-08-01,86,AC,20,1,2,18.3503472222222,19.3,17.5
2025,2025-08-01,86,AC,20,2,4,17.9256944444445,18.8,17
2025,2025-08-01,86,AC,20,3,9,17.8527777777778,18.7,17
2025,2025-08-01,86,AC,20,4,10,17.6444444444445,18.5,16.8
2025,2025-08-01,86,HB,20,1,1,18.3336805555556,19,17.6
2025,2025-08-01,86,HB,20,2,5,18.4927083333333,19.2,17.7
2025,2025-08-01,86,HB,20,4,12,18.6982638888889,19.8,17.7
2025,2025-08-01,86,HTI,20,1,3,18.2517361111111,19.3,17.3
2025,2025-08-01,86,HTI,20,2,6,18.0743055555556,19,17.2
2025,2025-08-01,86,HTI,20,3,7,18.0944444444444,19.1,17.1
2025,2025-08-01,86,HTI,20,4,11,17.7267361111111,18.8,16.7
2025,2025-08-02,87,AC,20,1,2,17.9527777777778,18.9,17.1
2025,2025-08-02,87,AC,20,2,4,17.4774305555556,18.4,16.7
2025,2025-08-02,87,AC,20,3,9,17.5618055555556,18.3,16.9
2025,2025-08-02,87,AC,20,4,10,17.190625,18,16.4
2025,2025-08-02,87,HB,20,1,1,17.771875,18.5,17.1
2025,2025-08-02,87,HB,20,2,5,18.0013888888889,18.8,17.3
2025,2025-08-02,87,HB,20,4,12,18.2684027777778,19.3,17.4
2025,2025-08-02,87,HTI,20,1,3,17.8774305555556,19,17
2025,2025-08-02,87,HTI,20,2,6,17.7104166666667,18.6,16.9
2025,2025-08-02,87,HTI,20,3,7,17.7277777777778,18.7,16.8
2025,2025-08-02,87,HTI,20,4,11,17.3788194444444,18.3,16.5
2025,2025-08-03,88,AC,20,1,2,18.3694444444444,20.1,16.8
2025,2025-08-03,88,AC,20,2,4,17.9864583333333,19.8,16.3
2025,2025-08-03,88,AC,20,3,9,18.0086805555555,19.5,16.6
2025,2025-08-03,88,AC,20,4,10,17.7635416666667,19.6,16.1
2025,2025-08-03,88,HB,20,1,1,18.0916666666667,19.6,16.7
2025,2025-08-03,88,HB,20,2,5,18.3513888888889,19.9,16.9
2025,2025-08-03,88,HB,20,4,12,18.590625,20.3,17.1
2025,2025-08-03,88,HTI,20,1,3,18.2701388888889,20.2,16.6
2025,2025-08-03,88,HTI,20,2,6,18.2809027777778,20,16.6
2025,2025-08-03,88,HTI,20,3,7,18.2034722222222,20.1,16.5
2025,2025-08-03,88,HTI,20,4,11,18.0260416666667,19.9,16.3
2025,2025-08-04,89,AC,20,1,2,19.5770833333333,20.8,18.5
2025,2025-08-04,89,AC,20,2,4,19.3777777777778,20.7,18.2
2025,2025-08-04,89,AC,20,3,9,19.2357638888889,20.4,18.2
2025,2025-08-04,89,AC,20,4,10,19.1388888888889,20.5,18
2025,2025-08-04,89,HB,20,1,1,19.3513888888889,20.5,18.3
2025,2025-08-04,89,HB,20,2,5,19.5104166666667,20.6,18.5
2025,2025-08-04,89,HB,20,4,12,19.715625,20.9,18.7
2025,2025-08-04,89,HTI,20,1,3,19.5114583333333,20.8,18.4
2025,2025-08-04,89,HTI,20,2,6,19.5336805555556,20.8,18.4
2025,2025-08-04,89,HTI,20,3,7,19.6184027777778,21,18.4
2025,2025-08-04,89,HTI,20,4,11,19.2583333333333,20.6,18
2025,2025-08-05,90,AC,20,1,2,19.1885416666667,20.3,18.2
2025,2025-08-05,90,AC,20,2,4,18.8010416666667,19.7,17.6
2025,2025-08-05,90,AC,20,3,9,18.8173611111111,19.6,17.8
2025,2025-08-05,90,AC,20,4,10,18.6211805555556,19.6,17.6
2025,2025-08-05,90,HB,20,1,1,18.7298611111111,19.7,17.7
2025,2025-08-05,90,HB,20,2,5,18.9916666666667,19.8,18.1
2025,2025-08-05,90,HB,20,4,12,19.0618055555556,19.9,18
2025,2025-08-05,90,HTI,20,1,3,18.825,20,17.8
2025,2025-08-05,90,HTI,20,2,6,19.0447916666667,19.9,17.8
2025,2025-08-05,90,HTI,20,3,7,18.9496527777778,20.1,17.8
2025,2025-08-05,90,HTI,20,4,11,18.8305555555556,19.9,17.6
2025,2025-08-06,91,AC,20,1,2,18.290625,20.7,16.2
2025,2025-08-06,91,AC,20,2,4,17.7052083333333,20,15.6
2025,2025-08-06,91,AC,20,3,9,17.7413194444444,19.6,16
2025,2025-08-06,91,AC,20,4,10,17.496875,19.7,15.5
2025,2025-08-06,91,HB,20,1,1,17.6256944444444,19.5,15.8
2025,2025-08-06,91,HB,20,2,5,17.9336805555556,19.6,16.3
2025,2025-08-06,91,HB,20,4,12,18.0243055555555,20.1,16.2
2025,2025-08-06,91,HTI,20,1,3,17.9069444444444,20.5,15.8
2025,2025-08-06,91,HTI,20,2,6,17.9913194444444,20.1,15.9
2025,2025-08-06,91,HTI,20,3,7,17.815625,20.2,15.7
2025,2025-08-06,91,HTI,20,4,11,17.7121527777778,19.8,15.6
2025,2025-08-07,92,AC,20,1,2,19.4277777777778,21.8,17.1
2025,2025-08-07,92,AC,20,2,4,18.8541666666667,21.1,16.6
2025,2025-08-07,92,AC,20,3,9,18.5864583333333,20.3,16.8
2025,2025-08-07,92,AC,20,4,10,18.4777777777778,20.6,16.4
2025,2025-08-07,92,HB,20,1,1,18.6375,20.6,16.7
2025,2025-08-07,92,HB,20,2,5,18.7114583333333,20.4,17
2025,2025-08-07,92,HB,20,4,12,18.803125,20.5,17.1
2025,2025-08-07,92,HTI,20,1,3,19.0795138888889,21.4,16.9
2025,2025-08-07,92,HTI,20,2,6,19.0267361111111,21.1,16.8
2025,2025-08-07,92,HTI,20,3,7,18.8611111111111,21,16.7
2025,2025-08-07,92,HTI,20,4,11,18.5822916666667,20.5,16.5
2025,2025-08-08,93,AC,20,1,2,20.571875,22.9,18.5
2025,2025-08-08,93,AC,20,2,4,20.0722222222222,22.4,18
2025,2025-08-08,93,AC,20,3,9,19.5819444444445,21.3,18
2025,2025-08-08,93,AC,20,4,10,19.7395833333333,22,17.8
2025,2025-08-08,93,HB,20,1,1,19.8385416666666,21.9,18.1
2025,2025-08-08,93,HB,20,2,5,19.8034722222222,21.6,18.3
2025,2025-08-08,93,HB,20,4,12,19.7847222222223,21.6,18.2
2025,2025-08-08,93,HTI,20,1,3,20.3083333333334,22.8,18.3
2025,2025-08-08,93,HTI,20,2,6,20.1739583333333,22.3,18.3
2025,2025-08-08,93,HTI,20,3,7,20.1142361111111,22.5,18.1
2025,2025-08-08,93,HTI,20,4,11,19.5784722222222,21.5,17.8
2025,2025-08-09,94,AC,20,1,2,20.7975694444444,24.3,17.6
2025,2025-08-09,94,AC,20,2,4,20.2180555555556,23.7,16.9
2025,2025-08-09,94,AC,20,3,9,19.3590277777778,21.8,16.9
2025,2025-08-09,94,AC,20,4,10,19.9204861111111,23.3,16.9
2025,2025-08-09,94,HB,20,1,1,19.8604166666667,22.8,17.2
2025,2025-08-09,94,HB,20,2,5,19.80625,22.3,17.4
2025,2025-08-09,94,HB,20,4,12,19.6388888888889,22.5,17.1
2025,2025-08-09,94,HTI,20,1,3,20.5503472222222,24.5,17.2
2025,2025-08-09,94,HTI,20,2,6,20.4909722222222,24,17.2
2025,2025-08-09,94,HTI,20,3,7,20.1395833333333,23.9,16.9
2025,2025-08-09,94,HTI,20,4,11,19.5670138888889,22.5,16.7
2025,2025-08-10,95,AC,20,1,2,21.0013888888889,23.9,18.1
2025,2025-08-10,95,AC,20,2,4,20.259375,23.1,17.2
2025,2025-08-10,95,AC,20,3,9,19.334375,21.7,16.9
2025,2025-08-10,95,AC,20,4,10,20.0815972222222,22.9,17.3
2025,2025-08-10,95,HB,20,1,1,19.9805555555555,22.5,17.5
2025,2025-08-10,95,HB,20,2,5,20.0111111111111,22.3,17.7
2025,2025-08-10,95,HB,20,4,12,19.6659722222222,22.3,17.2
2025,2025-08-10,95,HTI,20,1,3,20.8215277777778,24.2,17.7
2025,2025-08-10,95,HTI,20,2,6,20.8465277777778,24,17.6
2025,2025-08-10,95,HTI,20,3,7,20.2836805555556,23.5,17.2
2025,2025-08-10,95,HTI,20,4,11,19.5597222222222,22.1,16.8
2025,2025-08-11,96,AC,20,1,2,21.9097222222222,25.7,18.5
2025,2025-08-11,96,AC,20,2,4,21.2708333333333,25.2,17.6
2025,2025-08-11,96,AC,20,3,9,20.1725694444445,23.1,17.4
2025,2025-08-11,96,AC,20,4,10,21.0795138888889,25,17.7
2025,2025-08-11,96,HB,20,1,1,20.9215277777778,24.4,17.9
2025,2025-08-11,96,HB,20,2,5,20.7979166666667,23.7,18.2
2025,2025-08-11,96,HB,20,4,12,20.6357638888889,24.2,17.6
2025,2025-08-11,96,HTI,20,1,3,21.9496527777778,26.4,18.2
2025,2025-08-11,96,HTI,20,2,6,22.009375,26.1,18.2
2025,2025-08-11,96,HTI,20,3,7,21.5211805555556,26,17.7
2025,2025-08-11,96,HTI,20,4,11,20.5163194444444,23.9,17.2
2025,2025-08-12,97,AC,20,1,2,23.05,26.1,20.3
2025,2025-08-12,97,AC,20,2,4,22.6409722222222,25.9,19.6
2025,2025-08-12,97,AC,20,3,9,21.4875,24.1,19.2
2025,2025-08-12,97,AC,20,4,10,22.4586805555555,25.8,19.6
2025,2025-08-12,97,HB,20,1,1,22.2850694444444,25.2,19.7
2025,2025-08-12,97,HB,20,2,5,22.0684027777778,24.6,19.9
2025,2025-08-12,97,HB,20,4,12,22.1142361111111,25.2,19.5
2025,2025-08-12,97,HTI,20,1,3,23.3295138888889,27,20.2
2025,2025-08-12,97,HTI,20,2,6,23.1975694444444,26.6,20.1
2025,2025-08-12,97,HTI,20,3,7,23.1614583333333,27,19.9
2025,2025-08-12,97,HTI,20,4,11,21.8020833333333,24.7,19.1
2025,2025-08-13,98,AC,20,1,2,24.2274305555556,27.1,21.4
2025,2025-08-13,98,AC,20,2,4,24.0069444444444,27,20.9
2025,2025-08-13,98,AC,20,3,9,22.8184027777778,25.2,20.4
2025,2025-08-13,98,AC,20,4,10,23.5128472222222,26.3,20.8
2025,2025-08-13,98,HB,20,1,1,23.31875,25.7,20.9
2025,2025-08-13,98,HB,20,2,5,23.3364583333334,25.6,21
2025,2025-08-13,98,HB,20,4,12,23.2038194444445,25.8,20.7
2025,2025-08-13,98,HTI,20,1,3,24.3340277777778,27.2,21.4
2025,2025-08-13,98,HTI,20,2,6,24.4541666666667,27.5,21.4
2025,2025-08-13,98,HTI,20,3,7,24.2805555555555,27.4,21.2
2025,2025-08-13,98,HTI,20,4,11,23.2576388888889,26.1,20.3
2025,2025-08-14,99,AC,20,1,2,24.3625,26.5,22.6
2025,2025-08-14,99,AC,20,2,4,24.0100694444444,26.3,22.1
2025,2025-08-14,99,AC,20,3,9,23.0447916666667,24.7,21.6
2025,2025-08-14,99,AC,20,4,10,23.5017361111111,25.7,21.7
2025,2025-08-14,99,HB,20,1,1,23.4559027777778,25.4,21.8
2025,2025-08-14,99,HB,20,2,5,23.5118055555556,25.2,22.1
2025,2025-08-14,99,HB,20,4,12,23.453125,25.4,21.9
2025,2025-08-14,99,HTI,20,1,3,24.1704861111111,26.7,22.2
2025,2025-08-14,99,HTI,20,2,6,24.1819444444444,26.4,22.3
2025,2025-08-14,99,HTI,20,3,7,24.3409722222222,26.8,22.3
2025,2025-08-14,99,HTI,20,4,11,23.2989583333333,25.3,21.6
2025,2025-08-15,100,AC,20,1,2,23.8725694444444,26.5,21.1
2025,2025-08-15,100,AC,20,2,4,23.6413194444445,26.6,20.5
2025,2025-08-15,100,AC,20,3,9,22.5361111111111,24.7,20.2
2025,2025-08-15,100,AC,20,4,10,23.1930555555556,26.2,20.2
2025,2025-08-15,100,HB,20,1,1,23.1052083333333,25.6,20.5
2025,2025-08-15,100,HB,20,2,5,22.9628472222222,25.1,20.8
2025,2025-08-15,100,HB,20,4,12,22.8305555555556,25.4,20.3
2025,2025-08-15,100,HTI,20,1,3,23.803125,27.2,20.5
2025,2025-08-15,100,HTI,20,2,6,23.8548611111111,27,20.7
2025,2025-08-15,100,HTI,20,3,7,23.8309027777778,27.1,20.5
2025,2025-08-15,100,HTI,20,4,11,22.9868055555556,25.7,20
2025,2025-08-16,101,AC,20,1,2,22.56875,24.5,21.3
2025,2025-08-16,101,AC,20,2,4,22.3524305555556,24.2,20.8
2025,2025-08-16,101,AC,20,3,9,21.5548611111111,23.1,20.4
2025,2025-08-16,101,AC,20,4,10,22.0260416666667,24,20.6
2025,2025-08-16,101,HB,20,1,1,22.025,23.8,20.7
2025,2025-08-16,101,HB,20,2,5,22.1027777777778,23.7,21
2025,2025-08-16,101,HB,20,4,12,21.8399305555556,23.5,20.4
2025,2025-08-16,101,HTI,20,1,3,22.44375,24.5,20.9
2025,2025-08-16,101,HTI,20,2,6,22.2635416666667,24.3,20.7
2025,2025-08-16,101,HTI,20,3,7,22.4996527777778,24.4,20.9
2025,2025-08-16,101,HTI,20,4,11,21.5951388888889,23.3,20.1
2025,2025-08-17,102,AC,20,1,2,19.7802083333333,21.2,18.2
2025,2025-08-17,102,AC,20,2,4,19.3881944444444,20.9,17.5
2025,2025-08-17,102,AC,20,3,9,18.9517361111111,20.4,17.4
2025,2025-08-17,102,AC,20,4,10,19.0513888888889,20.6,17.3
2025,2025-08-17,102,HB,20,1,1,19.34375,20.7,17.8
2025,2025-08-17,102,HB,20,2,5,19.5399305555556,20.9,18.1
2025,2025-08-17,102,HB,20,4,12,19.0204861111111,20.4,17.4
2025,2025-08-17,102,HTI,20,1,3,19.4447916666667,21.1,17.5
2025,2025-08-17,102,HTI,20,2,6,19.2878472222222,20.9,17.4
2025,2025-08-17,102,HTI,20,3,7,19.4503472222222,21.1,17.5
2025,2025-08-17,102,HTI,20,4,11,18.8229166666666,20.2,17.1
2025,2025-08-18,103,AC,20,1,2,21.4295138888889,24,19.5
2025,2025-08-18,103,AC,20,2,4,21.3892361111111,24.1,19.2
2025,2025-08-18,103,AC,20,3,9,20.421875,22.3,18.9
2025,2025-08-18,103,AC,20,4,10,21.0381944444444,24,18.9
2025,2025-08-18,103,HB,20,1,1,20.9913194444445,23.3,19.2
2025,2025-08-18,103,HB,20,2,5,20.7770833333333,22.8,19.3
2025,2025-08-18,103,HB,20,4,12,20.6916666666667,23,19
2025,2025-08-18,103,HTI,20,1,3,21.4638888888889,24.4,19.3
2025,2025-08-18,103,HTI,20,2,6,21.375,24.2,19.1
2025,2025-08-18,103,HTI,20,3,7,21.6802083333333,24.8,19.3
2025,2025-08-18,103,HTI,20,4,11,20.6854166666667,23,18.7
2025,2025-08-19,104,AC,20,1,2,22.2107638888889,25.2,19.4
2025,2025-08-19,104,AC,20,2,4,22.1121527777778,25.4,19
2025,2025-08-19,104,AC,20,3,9,20.9538194444445,23.3,18.8
2025,2025-08-19,104,AC,20,4,10,21.8809027777778,25.1,18.9
2025,2025-08-19,104,HB,20,1,1,21.7131944444444,24.5,19.1
2025,2025-08-19,104,HB,20,2,5,21.2284722222222,23.5,19.2
2025,2025-08-19,104,HB,20,4,12,21.3423611111111,24.2,18.8
2025,2025-08-19,104,HTI,20,1,3,22.25,25.8,19
2025,2025-08-19,104,HTI,20,2,6,22.328125,26,19
2025,2025-08-19,104,HTI,20,3,7,22.5208333333333,26.2,19.1
2025,2025-08-19,104,HTI,20,4,11,21.46875,24.4,18.6
2025,2025-08-20,105,AC,20,1,2,22.4225694444444,24.6,20.4
2025,2025-08-20,105,AC,20,2,4,22.2871527777778,24.5,20.1
2025,2025-08-20,105,AC,20,3,9,21.1461805555556,22.7,19.6
2025,2025-08-20,105,AC,20,4,10,22.05625,24.3,20
2025,2025-08-20,105,HB,20,1,1,21.88125,23.8,20
2025,2025-08-20,105,HB,20,2,5,21.4420138888889,23,20
2025,2025-08-20,105,HB,20,4,12,21.6659722222223,23.6,19.8
2025,2025-08-20,105,HTI,20,1,3,22.3947916666667,24.9,20.1
2025,2025-08-20,105,HTI,20,2,6,22.5027777777778,25,20.1
2025,2025-08-20,105,HTI,20,3,7,22.74375,25.4,20.3
2025,2025-08-20,105,HTI,20,4,11,21.603125,23.6,19.5
2025,2025-08-21,106,AC,20,1,2,21.55625,23.5,19.5
2025,2025-08-21,106,AC,20,2,4,21.2555555555556,23.3,19.1
2025,2025-08-21,106,AC,20,3,9,20.4340277777778,22,18.7
2025,2025-08-21,106,AC,20,4,10,20.9958333333333,22.9,18.9
2025,2025-08-21,106,HB,20,1,1,20.98125,22.7,19.1
2025,2025-08-21,106,HB,20,2,5,20.6125,22,19.1
2025,2025-08-21,106,HB,20,4,12,20.8260416666667,22.7,18.9
2025,2025-08-21,106,HTI,20,1,3,21.4256944444445,23.9,19
2025,2025-08-21,106,HTI,20,2,6,21.6291666666667,24.1,19.1
2025,2025-08-21,106,HTI,20,3,7,21.5864583333333,23.9,19.2
2025,2025-08-21,106,HTI,20,4,11,20.7295138888889,22.6,18.6
2025,2025-08-22,107,AC,20,1,2,20.075,21.5,19.3
2025,2025-08-22,107,AC,20,2,4,19.7076388888889,21,18.9
2025,2025-08-22,107,AC,20,3,9,19.3104166666667,20.6,18.6
2025,2025-08-22,107,AC,20,4,10,19.4121527777778,20.9,18.7
2025,2025-08-22,107,HB,20,1,1,19.5940972222222,20.9,18.9
2025,2025-08-22,107,HB,20,2,5,19.5319444444444,20.7,18.9
2025,2025-08-22,107,HB,20,4,12,19.4527777777778,20.9,18.8
2025,2025-08-22,107,HTI,20,1,3,19.878125,21.4,19
2025,2025-08-22,107,HTI,20,2,6,19.9916666666666,21.6,19.1
2025,2025-08-22,107,HTI,20,3,7,19.9024305555556,21.4,19.1
2025,2025-08-22,107,HTI,20,4,11,19.2059027777778,20.4,18.5
2025,2025-08-23,108,AC,20,1,2,19.3541666666667,20.7,18.2
2025,2025-08-23,108,AC,20,2,4,19.0204861111111,20.5,17.8
2025,2025-08-23,108,AC,20,3,9,18.6513888888889,19.6,17.8
2025,2025-08-23,108,AC,20,4,10,18.6552083333333,20,17.5
2025,2025-08-23,108,HB,20,1,1,18.8600694444445,20.1,17.8
2025,2025-08-23,108,HB,20,2,5,18.7607638888889,19.6,18
2025,2025-08-23,108,HB,20,4,12,18.7045138888889,19.9,17.8
2025,2025-08-23,108,HTI,20,1,3,19.1427083333333,20.8,17.8
2025,2025-08-23,108,HTI,20,2,6,19.2986111111111,21,17.9
2025,2025-08-23,108,HTI,20,3,7,19.1430555555556,20.7,17.8
2025,2025-08-23,108,HTI,20,4,11,18.5510416666667,19.8,17.5
2025,2025-08-24,109,AC,20,1,2,18.5493055555555,21.2,15.9
2025,2025-08-24,109,AC,20,2,4,18.15625,21.1,15.2
2025,2025-08-24,109,AC,20,3,9,17.5579861111111,19.6,15.5
2025,2025-08-24,109,AC,20,4,10,17.9045138888889,20.8,15.2
2025,2025-08-24,109,HB,20,1,1,18.1041666666667,20.7,15.6
2025,2025-08-24,109,HB,20,2,5,17.7065972222222,19.8,15.7
2025,2025-08-24,109,HB,20,4,12,17.7760416666667,20.3,15.4
2025,2025-08-24,109,HTI,20,1,3,18.415625,21.7,15.3
2025,2025-08-24,109,HTI,20,2,6,18.6298611111111,21.9,15.5
2025,2025-08-24,109,HTI,20,3,7,18.3215277777778,21.6,15.2
2025,2025-08-24,109,HTI,20,4,11,17.7954861111111,20.4,15.1
2025,2025-08-25,110,AC,20,1,2,19.1736111111111,22.3,16.3
2025,2025-08-25,110,AC,20,2,4,18.8996527777778,22.3,15.7
2025,2025-08-25,110,AC,20,3,9,17.9753472222222,20.5,15.6
2025,2025-08-25,110,AC,20,4,10,18.7333333333333,22.2,15.7
2025,2025-08-25,110,HB,20,1,1,18.8347222222222,21.9,16
2025,2025-08-25,110,HB,20,2,5,18.2,20.8,15.9
2025,2025-08-25,110,HB,20,4,12,18.3434027777778,21.2,15.7
2025,2025-08-25,110,HTI,20,1,3,19.2416666666667,23,15.8
2025,2025-08-25,110,HTI,20,2,6,19.4479166666667,23.2,16
2025,2025-08-25,110,HTI,20,3,7,19.23125,23.1,15.7
2025,2025-08-25,110,HTI,20,4,11,18.4635416666667,21.6,15.5
2025,2025-08-26,111,AC,20,1,2,19.9847222222223,22.1,17.8
2025,2025-08-26,111,AC,20,2,4,19.875,22.3,17.4
2025,2025-08-26,111,AC,20,3,9,19.0173611111111,21.1,17.1
2025,2025-08-26,111,AC,20,4,10,19.8180555555555,22.4,17.3
2025,2025-08-26,111,HB,20,1,1,19.7649305555555,21.9,17.6
2025,2025-08-26,111,HB,20,2,5,19.1020833333333,21,17.3
2025,2025-08-26,111,HB,20,4,12,19.2965277777778,21.4,17.3
2025,2025-08-26,111,HTI,20,1,3,20.1934027777778,22.9,17.6
2025,2025-08-26,111,HTI,20,2,6,20.3829861111111,23,17.7
2025,2025-08-26,111,HTI,20,3,7,20.325,23.2,17.5
2025,2025-08-26,111,HTI,20,4,11,19.4357638888889,21.8,17.1
2025,2025-08-27,112,AC,20,1,2,21.1239583333333,23.3,19.2
2025,2025-08-27,112,AC,20,2,4,21.2065972222222,23.6,19
2025,2025-08-27,112,AC,20,3,9,20.2684027777778,21.9,18.8
2025,2025-08-27,112,AC,20,4,10,21.1645833333333,23.8,18.9
2025,2025-08-27,112,HB,20,1,1,20.9611111111111,23,19.1
2025,2025-08-27,112,HB,20,2,5,20.2107638888889,21.9,18.8
2025,2025-08-27,112,HB,20,4,12,20.4517361111111,22.4,18.8
2025,2025-08-27,112,HTI,20,1,3,21.4263888888889,24.1,19.1
2025,2025-08-27,112,HTI,20,2,6,21.6375,24.2,19.3
2025,2025-08-27,112,HTI,20,3,7,21.6388888888889,24.3,19.3
2025,2025-08-27,112,HTI,20,4,11,20.6760416666667,22.8,18.7
2025,2025-08-28,113,AC,20,1,2,21.0399305555555,22.5,19.5
2025,2025-08-28,113,AC,20,2,4,21.2295138888889,23.1,19.4
2025,2025-08-28,113,AC,20,3,9,20.2996527777778,21.7,18.9
2025,2025-08-28,113,AC,20,4,10,21.1829861111111,23.1,19.3
2025,2025-08-28,113,HB,20,1,1,21.3295138888889,23.9,18.5
2025,2025-08-28,113,HB,20,2,5,20.3145833333334,21.7,19
2025,2025-08-28,113,HB,20,4,12,20.3989583333333,21.8,19
2025,2025-08-28,113,HTI,20,1,3,21.3777777777778,23.5,19.5
2025,2025-08-28,113,HTI,20,2,6,21.5895833333333,23.6,19.7
2025,2025-08-28,113,HTI,20,3,7,21.609375,23.7,19.7
2025,2025-08-28,113,HTI,20,4,11,20.5586805555556,22.1,19
2025,2025-08-29,114,AC,20,1,2,20.2503472222222,21.5,18.8
2025,2025-08-29,114,AC,20,2,4,20.1395833333334,21.6,18.5
2025,2025-08-29,114,AC,20,3,9,19.4489583333333,20.5,18.2
2025,2025-08-29,114,AC,20,4,10,20.0288194444444,22,17.9
2025,2025-08-29,114,HB,20,1,1,19.6895833333333,22.9,17.1
2025,2025-08-29,114,HB,20,2,5,19.4684027777778,20.5,18.3
2025,2025-08-29,114,HB,20,4,12,19.5291666666667,20.8,18.2
2025,2025-08-29,114,HTI,20,1,3,20.1555555555556,21.8,18.5
2025,2025-08-29,114,HTI,20,2,6,20.4465277777778,22.1,18.7
2025,2025-08-29,114,HTI,20,3,7,20.4725694444444,22.3,18.5
2025,2025-08-29,114,HTI,20,4,11,19.5972222222222,21,18
2025,2025-08-30,115,AC,20,1,2,19.5211805555556,21.1,18
2025,2025-08-30,115,AC,20,2,4,19.2392361111111,21.2,17.3
2025,2025-08-30,115,AC,20,3,9,18.7190972222222,19.9,17.5
2025,2025-08-30,115,AC,20,4,10,19.2239583333333,21.5,17.1
2025,2025-08-30,115,HB,20,1,1,19.3333333333333,22.6,16.2
2025,2025-08-30,115,HB,20,2,5,18.7378472222222,19.9,17.5
2025,2025-08-30,115,HB,20,4,12,18.8805555555555,20.2,17.5
2025,2025-08-30,115,HTI,20,1,3,19.1277777777778,21.2,17.2
2025,2025-08-30,115,HTI,20,2,6,19.3482638888889,21.4,17.4
2025,2025-08-30,115,HTI,20,3,7,19.4829861111111,21.6,17.5
2025,2025-08-30,115,HTI,20,4,11,18.7951388888889,20.4,17.1
2025,2025-08-31,116,AC,20,1,2,19.7079545454545,20.9,18.7
2025,2025-08-31,116,AC,20,2,4,19.5526515151516,21.1,18.3
2025,2025-08-31,116,AC,20,3,9,18.9560606060606,20.1,18.1
2025,2025-08-31,116,AC,20,4,10,19.5935606060606,21.3,18.2
2025,2025-08-31,116,HB,20,1,1,19.9136363636364,22.3,18.1
2025,2025-08-31,116,HB,20,2,5,18.9818181818182,20.1,18.1
2025,2025-08-31,116,HB,20,4,12,19.125,20.3,18.2
2025,2025-08-31,116,HTI,20,1,3,19.5140151515152,21.1,18.3
2025,2025-08-31,116,HTI,20,2,6,19.6344696969697,21.2,18.4
2025,2025-08-31,116,HTI,20,3,7,19.8742424242425,21.6,18.5
2025,2025-08-31,116,HTI,20,4,11,19.0662878787879,20.4,18
